url,city,country
https://abakan.aviastal.ru/,Абакан,Россия
https://aktau.aviastal.kz/,Актау,Казахстан
https://akto.aviastal.kz/,Актобе,Казахстан
https://almaty.aviastal.kz/,Алматы,Казахстан
https://almetevsk.aviastal.ru/,Альметьевск,Россия
https://angarsk.aviastal.ru/,Ангарск,Россия
https://andizhan.viastal.uz/,Андижан,Узбекистан
https://aragacotn.aviastal.am/,Арагацотн,Армения
https://ararat.aviastal.am/,Арарат,Армения
https://arzamas.aviastal.ru/,Арзамас,Россия
https://armavir.aviastal.am/,Армавир,Армения
https://armavir.aviastal.ru/,Армавир,Россия
https://artem.aviastal.ru/,Артём,Россия
https://arhangelsk.aviastal.ru/,Архангельск,Россия
https://aviastal.kz/,Астана/Нур-Султан,Казахстан
https://astrahan.aviastal.ru/,Астрахань,Россия
https://atyrau.aviastal.kz/,Атырау,Казахстан
https://aviastal.az/,Баку,Азербайджан
https://balakovo.aviastal.ru/,Балаково,Россия
https://balashiha.aviastal.ru/,Балашиха,Россия
https://balykchi.aviastal.kg/,Балыкчи,Киргизия
https://barnaul.aviastal.ru/,Барнаул,Россия
https://bataysk.aviastal.ru/,Батайск,Россия
https://belgorod.aviastal.ru/,Белгород,Россия
https://berdsk.aviastal.ru/,Бердск,Россия
https://berezniki.aviastal.ru/,Березники,Россия
https://bijsk.aviastal.ru/,Бийск,Россия
https://aviastal.kg/,Бишкек,Киргизия
https://blagoveshchensk.aviastal.ru/,Благовещенск,Россия
https://bratsk.aviastal.ru/,Братск,Россия
https://brest.aviastal.by/,Брест,Беларусь
https://bryansk.aviastal.ru/,Брянск,Россия
https://buhara.aviastal.uz/,Бухара,Узбекистан
https://velikiy-novgorod.aviastal.ru/,Великий Новгород,Россия
https://vidnoe.aviastal.ru/,Видное,Россия
https://vitebsk.aviastal.by/,Витебск,Беларусь
https://vladivostok.aviastal.ru/,Владивосток,Россия
https://vladikavkaz.aviastal.ru/,Владикавказ,Россия
https://vladimir.aviastal.ru/,Владимир,Россия
https://volgograd.aviastal.ru/,Волгоград,Россия
https://volgodonsk.aviastal.ru/,Волгодонск,Россия
https://volzhskij.aviastal.ru/,Волжский,Россия
https://vologda.aviastal.ru/,Вологда,Россия
https://voronezh.aviastal.ru/,Воронеж,Россия
https://gegarkunik.aviastal.am/,Гегаркуник,Армения
https://gomel.aviastal.by/,Гомель,Беларусь
https://grodno.aviastal.by/,Гродно,Беларусь
https://groznyj.aviastal.ru/,Грозный,Россия
https://gyandzha.aviasteel.az/,Гянджа,Азербайджан
https://derbent.aviastal.ru/,Дербент,Россия
https://dzhalal.aviastal.kg/,Джалал-Абад,Киргизия
https://dzerzhinsk.aviastal.ru/,Дзержинск,Россия
https://dimitrovgrad.aviastal.ru/,Димитровград,Россия
https://dolgoprudnyj.aviastal.ru/,Долгопрудный,Россия
https://domodedovo.aviastal.ru/,Домодедово,Россия
https://doneck.aviastal.ru/,Донецк,Украина
https://evpatoriya.aviastal.ru/,Евпатория,Россия
https://ekb.aviastal.ru/,Екатеринбург,Россия
https://aviastal.am/,Ереван,Армения
https://essentuki.aviastal.ru/,Ессентуки,Россия
https://zhukovskij.aviastal.ru/,Жуковский,Россия
https://zlatoust.aviastal.ru/,Златоуст,Россия
https://ivanovo.aviastal.ru/,Иваново,Россия
https://izhevsk.aviastal.ru/,Ижевск,Россия
https://irkutsk.aviastal.ru/,Иркутск,Россия
https://yoshkar-ola.aviastal.ru/,Йошкар-Ола,Россия
https://kazan.aviastal.ru/,Казань,Россия
https://kaliningrad.aviastal.ru/,Калининград,Россия
https://kaluga.aviastal.ru/,Калуга,Россия
https://kamensk-uralskiy.aviastal.ru/,Каменск-Уральский,Россия
https://kamyshin.aviastal.ru/,Камышин,Россия
https://kant.aviastal.kg/,Кант,Киргизия
https://kara.aviastal.kg/,Кара-Балта,Киргизия
https://krg.aviastal.kz/,Караганда,Казахстан
https://karakol.aviastal.kg/,Каракол,Киргизия
https://karshi.aviastal.uz/,Карши,Узбекистан
https://kaspiysk.aviastal.ru/,Каспийск,Россия
https://kemerovo.aviastal.ru/,Кемерово,Россия
https://kerch.aviastal.ru/,Керчь,Россия
https://kirov.aviastal.ru/,Киров,Россия
https://kislovodsk.aviastal.ru/,Кисловодск,Россия
https://kovrov.aviastal.ru/,Ковров,Россия
https://kokand.aviastal.uz/,Коканд,Узбекистан
https://kolomna.aviastal.ru/,Коломна,Россия
https://komsomolsk-na-amure.aviastal.ru/,Комсомольск-на-Амуре,Россия
https://kopeysk.aviastal.ru/,Копейск,Россия
https://korolev.aviastal.ru/,Королёв,Россия
https://kostanay.aviastal.kz/,Костанай,Казахстан
https://kostroma.aviastal.ru/,Кострома,Россия
https://kotajk.aviastal.am/,Котайк,Армения
https://krasnogorsk.aviastal.ru/,Красногорск,Россия
https://krasnodar.aviastal.ru/,Краснодар,Россия
https://krasnoyarsk.aviastal.ru/,Красноярск,Россия
https://kurgan.aviastal.ru/,Курган,Россия
https://kursk.aviastal.ru/,Курск,Россия
https://kyzyl.aviastal.ru/,Кызыл,Россия
https://kyzyl.aviastal.kg/,Кызыл-Кия,Киргизия
https://kyzylorda.aviastal.kz/,Кызылорда,Казахстан
https://lipeck.aviastal.ru/,Липецк,Россия
https://lori.aviastal.am/,Лори,Армения
https://lugansk.aviastal.ru/,Луганск,Украина
https://lyubercy.aviastal.ru/,Люберцы,Россия
https://magnitogorsk.aviastal.ru/,Магнитогорск,Россия
https://maykop.aviastal.ru/,Майкоп,Россия
https://margilan.aviastal.uz/,Маргилан,Узбекистан
https://mariupol.aviastal.ru/,Мариуполь,Украина
https://mahachkala.aviastal.ru/,Махачкала,Россия
https://melitopol.aviastal.ru/,Мелитополь,Украина
https://miass.aviastal.ru/,Миасс,Россия
https://mingechevir.aviasteel.az/,Мингечевир/Мингечаур,Азербайджан
https://aviastal.by/,Минск,Беларусь
https://mihaylovsk.aviastal.ru/,Михайловск,Россия
https://mogilev.aviastal.by/,Могилев,Беларусь
https://aviastal.ru/,Москва,Россия
https://murino.aviastal.ru/,Мурино,Россия
https://murmansk.aviastal.ru/,Мурманск,Россия
https://murom.aviastal.ru/,Муром,Россия
https://mytishchi.aviastal.ru/,Мытищи,Россия
https://naberezhnye-chelny.aviastal.ru/,Набережные Челны,Россия
https://nazran.aviastal.ru/,Назрань,Россия
https://nalchik.aviastal.ru/,Нальчик,Россия
https://namangan.aviastal.uz/,Наманган,Узбекистан
https://nahichevan.aviasteel.az/,Нахичевань /Нахчыван,Азербайджан
https://nahodka.aviastal.ru/,Находка,Россия
https://nevinnomyssk.aviastal.ru/,Невинномысск,Россия
https://neftekamsk.aviastal.ru/,Нефтекамск,Россия
https://nefteyugansk.aviastal.ru/,Нефтеюганск,Россия
https://nizhnevartovsk.aviastal.ru/,Нижневартовск,Россия
https://nizhnekamsk.aviastal.ru/,Нижнекамск,Россия
https://nn.aviastal.ru/,Нижний Новгород,Россия
https://nizhnij-tagil.aviastal.ru/,Нижний Тагил,Россия
https://novokuznetsk.aviastal.ru/,Новокузнецк,Россия
https://novomoskovsk.aviastal.ru/,Новомосковск,Россия
https://novorossijsk.aviastal.ru/,Новороссийск,Россия
https://nsk.aviastal.ru/,Новосибирск,Россия
https://novocheboksarsk.aviastal.ru/,Новочебоксарск,Россия
https://novocherkassk.aviastal.ru/,Новочеркасск,Россия
https://novoshahtinsk.aviastal.ru/,Новошахтинск,Россия
https://noviy-urengoy.aviastal.ru/,Новый Уренгой,Россия
https://noginsk.aviastal.ru/,Ногинск,Россия
https://norilsk.aviastal.ru/,Норильск,Россия
https://noyabrsk.aviastal.ru/,Ноябрьск,Россия
https://nukus.aviastal.uz/,Нукус,Узбекистан
https://obninsk.aviastal.ru/,Обнинск,Россия
https://odincovo.aviastal.ru/,Одинцово,Россия
https://oktyabryskiy.aviastal.ru/,Октябрьский,Россия
https://omsk.aviastal.ru/,Омск,Россия
https://orel.aviastal.ru/,Орёл,Россия
https://orenburg.aviastal.ru/,Оренбург,Россия
https://orekhovo-zuevo.aviastal.ru/,Орехово-Зуево,Россия
https://orsk.aviastal.ru/,Орск,Россия
https://osh.aviastal.kg/,Ош,Киргизия
https://pavlodar.aviastal.kz/,Павлодар,Казахстан
https://penza.aviastal.ru/,Пенза,Россия
https://pervouralsk.aviastal.ru/,Первоуральск,Россия
https://perm.aviastal.ru/,Пермь,Россия
https://petrozavodsk.aviastal.ru/,Петрозаводск,Россия
https://petropavlovsk.aviastal.kz/,Петропавловск,Казахстан
https://petropavlovsk-kamchatskij.aviastal.ru/,Петропавловск-Камчатский,Россия
https://podolsk.aviastal.ru/,Подольск,Россия
https://prokopevsk.aviastal.ru/,Прокопьевск,Россия
https://pskov.aviastal.ru/,Псков,Россия
https://pushkino.aviastal.ru/,Пушкино,Россия
https://pyatigorsk.aviastal.ru/,Пятигорск,Россия
https://ramenskoe.aviastal.ru/,Раменское,Россия
https://reutov.aviastal.ru/,Реутов,Россия
https://rostov.aviastal.ru/,Ростов-на-Дону,Россия
https://rubcovsk.aviastal.ru/,Рубцовск,Россия
https://rybinsk.aviastal.ru/,Рыбинск,Россия
https://ryazan.aviastal.ru/,Рязань,Россия
https://salavat.aviastal.ru/,Салават,Россия
https://samara.aviastal.ru/,Самара,Россия
https://samarkand.aviastal.uz/,Самарканд,Узбекистан
https://spb.aviastal.ru/,Санкт-Петербург,Россия
https://saransk.aviastal.ru/,Саранск,Россия
https://saratov.aviastal.ru/,Саратов,Россия
https://sevastopol.aviastal.ru/,Севастополь,Россия
https://severodvinsk.aviastal.ru/,Северодвинск,Россия
https://seversk.aviastal.ru/,Северск,Россия
https://semej.aviastal.kz/,Семей,Казахстан
https://serpuhov.aviastal.ru/,Серпухов,Россия
https://simferopol.aviastal.ru/,Симферополь,Россия
https://smolensk.aviastal.ru/,Смоленск,Россия
https://sochi.aviastal.ru/,Сочи,Россия
https://stavropol.aviastal.ru/,Ставрополь,Россия
https://staryj-oskol.aviastal.ru/,Старый Оскол,Россия
https://sterlitamak.aviastal.ru/,Стерлитамак,Россия
https://sumgait.aviasteel.az/,Сумгаит/Сумгайыт,Азербайджан
https://surgut.aviastal.ru/,Сургут,Россия
https://syzran.aviastal.ru/,Сызрань,Россия
https://syktyvkar.aviastal.ru/,Сыктывкар,Россия
https://syunik.aviastal.am/,Сюник,Армения
https://tavush.aviastal.am/,Тавуш,Армения
https://taganrog.aviastal.ru/,Таганрог,Россия
https://tambov.aviastal.ru/,Тамбов,Россия
https://taraz.aviastal.kz/,Тараз,Казахстан
https://aviastal.uz/,Ташкент,Узбекистан
https://tver.aviastal.ru/,Тверь,Россия
https://tokmak.aviastal.kg/,Токмак,Киргизия
https://tolyatti.aviastal.ru/,Тольятти,Россия
https://tomsk.aviastal.ru/,Томск,Россия
https://tula.aviastal.ru/,Тула,Россия
https://tyumen.aviastal.ru/,Тюмень,Россия
https://uzgen.aviastal.kg/,Узген,Киргизия
https://ulan-ude.aviastal.ru/,Улан-Удэ,Россия
https://ulyanovsk.aviastal.ru/,Ульяновск,Россия
https://uralsk.aviastal.kz/,Уральск,Казахстан
https://ussuriysk.aviastal.ru/,Уссурийск,Россия
https://yk.aviastal.kz/,Усть-Каменогорск,Казахстан
https://ufa.aviastal.ru/,Уфа,Россия
https://fergana.aviastal.uz/,Фергана,Узбекистан
https://khabarovsk.aviastal.ru/,Хабаровск,Россия
https://hanty-mansijsk.aviastal.ru/,Ханты-Мансийск,Россия
https://khasavyurt.aviastal.ru/,Хасавюрт,Россия
https://herson.aviastal.ru/,Херсон,Украина
https://himki.aviastal.ru/,Химки,Россия
https://cheboksary.aviastal.ru/,Чебоксары,Россия
https://chelyabinsk.aviastal.ru/,Челябинск,Россия
https://cherepovets.aviastal.ru/,Череповец,Россия
https://cherkessk.aviastal.ru/,Черкесск,Россия
https://chita.aviastal.ru/,Чита,Россия
https://shahty.aviastal.ru/,Шахты,Россия
https://shymkent.aviastal.kz/,Шымкент,Казахстан
https://shchelkovo.aviastal.ru/,Щёлково,Россия
https://elektrostal.aviastal.ru/,Электросталь,Россия
https://elista.aviastal.ru/,Элиста,Россия
https://engels.aviastal.ru/,Энгельс,Россия
https://yuzhno-sahalinsk.aviastal.ru/,Южно-Сахалинск,Россия
https://yakutsk.aviastal.ru/,Якутск,Россия
https://yaroslavl.aviastal.ru/,Ярославль,Россия
