url,type
https://metpromintex.kz/catalog/anod,категория
https://metpromintex.kz/catalog/anody-kadmievye,категория
https://metpromintex.kz/catalog/anody-mednye,категория
https://metpromintex.kz/catalog/nikelevye-anody,категория
https://metpromintex.kz/catalog/anody-olovyannye,категория
https://metpromintex.kz/catalog/anody-svincovye,категория
https://metpromintex.kz/catalog/anody-cinkovye,категория
https://metpromintex.kz/catalog/armatura,категория
https://metpromintex.kz/catalog/armatura-dlya-fundamenta,категория
https://metpromintex.kz/catalog/armatura-dlya-lentochnogo-fundamenta,категория
https://metpromintex.kz/catalog/armatura-dlya-monolitnoi-plity,категория
https://metpromintex.kz/catalog/armatura-dlya-fundamenta-bani,категория
https://metpromintex.kz/catalog/armatura-dlya-fundamenta-doma,категория
https://metpromintex.kz/catalog/armatura-dlya-fundamenta-zabora,категория
https://metpromintex.kz/catalog/armatura-dlya-karkasa,категория
https://metpromintex.kz/catalog/stekloplastikovaya-armatura,категория
https://metpromintex.kz/catalog/kompozitnaya-armatura,категория
https://metpromintex.kz/catalog/metallicheskaya-armatura,категория
https://metpromintex.kz/catalog/armatura-bu,категория
https://metpromintex.kz/catalog/armatura-dlya-vyazki,категория
https://metpromintex.kz/catalog/armatura-dlya-zabora,категория
https://metpromintex.kz/catalog/armatura-dlya-kirpichnoi-kladki,категория
https://metpromintex.kz/catalog/fiksator-armatury,категория
https://metpromintex.kz/catalog/vodostochnaya-sistema,категория
https://metpromintex.kz/catalog/voronka-vodostochnaya,категория
https://metpromintex.kz/catalog/kronshteyn-vodostochnogo-zheloba,категория
https://metpromintex.kz/catalog/zhelob-vodostochnyy,категория
https://metpromintex.kz/catalog/zaglushka-zheloba-vodostochnogo,категория
https://metpromintex.kz/catalog/koleno-vodostochnoy-truby,категория
https://metpromintex.kz/catalog/otvod-vodostochnoy-truby,категория
https://metpromintex.kz/catalog/otmet-vodostochnoy-truby,категория
https://metpromintex.kz/catalog/soedinitel-zheloba-vodostoka,категория
https://metpromintex.kz/catalog/troynik-vodostochnoy-truby,категория
https://metpromintex.kz/catalog/ugol-zheloba,категория
https://metpromintex.kz/catalog/vozduhovod,категория
https://metpromintex.kz/catalog/vozduhovod-pryamougolnyy,категория
https://metpromintex.kz/catalog/vrezka-kruglaya-v-vozduhovod,категория
https://metpromintex.kz/catalog/vrezki-pryamougolnye,категория
https://metpromintex.kz/catalog/gibkaya-vstavka-pryamougolnaya,категория
https://metpromintex.kz/catalog/gibkaya-vstavka-kruglaya,категория
https://metpromintex.kz/catalog/deflektor-ventilyacionnyy,категория
https://metpromintex.kz/catalog/drossel-klapan,категория
https://metpromintex.kz/catalog/zaglushka-dlya-ventilyacii,категория
https://metpromintex.kz/catalog/zont-kruglyy-ventilyacionnyy,категория
https://metpromintex.kz/catalog/zont-pryamougolnyy-ventilyacionnyy,категория
https://metpromintex.kz/catalog/krestovina-vozduhovoda,категория
https://metpromintex.kz/catalog/kruglye-vozduhovody-dlya-ventilyacii,категория
https://metpromintex.kz/catalog/nippel-vozduhovoda,категория
https://metpromintex.kz/catalog/opory-dlya-vozduhovodov,категория
https://metpromintex.kz/catalog/otvod-kruglogo-secheniya,категория
https://metpromintex.kz/catalog/otvod-pryamougolnyy-ventilyacionnyy,категория
https://metpromintex.kz/catalog/perehodnik-ventilyacionnyy,категория
https://metpromintex.kz/catalog/ventilyacionnaya-reshetka,категория
https://metpromintex.kz/catalog/troynik-ventilyacionnyy,категория
https://metpromintex.kz/catalog/fankoyl,категория
https://metpromintex.kz/catalog/shiber-dlya-dymohoda,категория
https://metpromintex.kz/catalog/shumoglushitel-kruglyy,категория
https://metpromintex.kz/catalog/shumoglushitel-pryamougolnyy-dlya-ventilyacii,категория
https://metpromintex.kz/catalog/detali,категория
https://metpromintex.kz/catalog/venets,категория
https://metpromintex.kz/catalog/venetc-latunnyi,категория
https://metpromintex.kz/catalog/venec-chervyachnyy-bronzovyy,категория
https://metpromintex.kz/catalog/nihromovaya-nit,категория
https://metpromintex.kz/catalog/podshipniki,категория
https://metpromintex.kz/catalog/drugie-materialy-i-izdeliya,категория
https://metpromintex.kz/catalog/abraziv,категория
https://metpromintex.kz/catalog/abrazivnye-materialy,категория
https://metpromintex.kz/catalog/abrazivnye-diski,категория
https://metpromintex.kz/catalog/abrazivnyy-poroshok,категория
https://metpromintex.kz/catalog/bentonit,категория
https://metpromintex.kz/catalog/vermikulit,категория
https://metpromintex.kz/catalog/zamki,категория
https://metpromintex.kz/catalog/dvernoy-zamok,категория
https://metpromintex.kz/catalog/bystrorazemnye-soedineniya,категория
https://metpromintex.kz/catalog/kaprolon-listovoy,категория
https://metpromintex.kz/catalog/kauchuk,категория
https://metpromintex.kz/catalog/koks-liteynyy,категория
https://metpromintex.kz/catalog/paronit,категория
https://metpromintex.kz/catalog/penokarton,категория
https://metpromintex.kz/catalog/penoplast,категория
https://metpromintex.kz/catalog/plenka-polietilenovaya,категория
https://metpromintex.kz/catalog/poddon,категория
https://metpromintex.kz/catalog/poliuretan-listovoy,категория
https://metpromintex.kz/catalog/porolon,категория
https://metpromintex.kz/catalog/salnikovaya-nabivka,категория
https://metpromintex.kz/catalog/santehnicheskiy-skotch-dlya-trub,категория
https://metpromintex.kz/catalog/fenoplast,категория
https://metpromintex.kz/catalog/ftoroplast-listovoy,категория
https://metpromintex.kz/catalog/himicheskoe-syre,категория
https://metpromintex.kz/catalog/dymohody,категория
https://metpromintex.kz/catalog/adapter-kotla-dlya-dymohoda,категория
https://metpromintex.kz/catalog/deflektor-na-dymohod,категория
https://metpromintex.kz/catalog/dymososy,категория
https://metpromintex.kz/catalog/zaglushka-dlya-dymohoda,категория
https://metpromintex.kz/catalog/zont-na-trubu-dymohoda,категория
https://metpromintex.kz/catalog/kreplenie-dymohoda,категория
https://metpromintex.kz/catalog/otvod-dlya-dymohoda,категория
https://metpromintex.kz/catalog/perehodnik-dlya-dymohoda,категория
https://metpromintex.kz/catalog/revizionnyy-lyuk-dlya-dymohoda,категория
https://metpromintex.kz/catalog/troynik-dlya-dymohoda,категория
https://metpromintex.kz/catalog/truba-dlya-dymohoda,категория
https://metpromintex.kz/catalog/zhbi,категория
https://metpromintex.kz/catalog/zhelezobetonnye-balki,категория
https://metpromintex.kz/catalog/balka-drugaya,категория
https://metpromintex.kz/catalog/balka-lestnichnaya,категория
https://metpromintex.kz/catalog/mostovye-balki,категория
https://metpromintex.kz/catalog/podkranovye-balki,категория
https://metpromintex.kz/catalog/fundamentnye-balki,категория
https://metpromintex.kz/catalog/zhelezobetonnye-bloki,категория
https://metpromintex.kz/catalog/betonnye-bloki,категория
https://metpromintex.kz/catalog/bloki-protivofiltracionnogo-ekrana,категория
https://metpromintex.kz/catalog/blok-rasporki-zhelezobetonnyy,категория
https://metpromintex.kz/catalog/blok-ukrepleniya,категория
https://metpromintex.kz/catalog/blok-upora,категория
https://metpromintex.kz/catalog/bloki-ekrana-zhelezobetonnye,категория
https://metpromintex.kz/catalog/blok-shahty-lifta,категория
https://metpromintex.kz/catalog/blok-lotka,категория
https://metpromintex.kz/catalog/bloki-ograzhdeniya-zhelezobetonnye,категория
https://metpromintex.kz/catalog/bloki-sten-podvalov,категория
https://metpromintex.kz/catalog/ventilyatsionnye-bloki,категория
https://metpromintex.kz/catalog/drugoy-blok,категория
https://metpromintex.kz/catalog/fundamentnye-bloki,категория
https://metpromintex.kz/catalog/fundamentnyy-stenovoy-blok,категория
https://metpromintex.kz/catalog/kolodtsy-i-kryshki,категория
https://metpromintex.kz/catalog/dnishche-kolodca,категория
https://metpromintex.kz/catalog/kolodtsy-drugie,категория
https://metpromintex.kz/catalog/kryshka-kolodtsa,категория
https://metpromintex.kz/catalog/kryshka-kanalizacionnogo-lyuka,категория
https://metpromintex.kz/catalog/kryshki-drugie,категория
https://metpromintex.kz/catalog/lyuk-dlya-betonnogo-koltsa,категория
https://metpromintex.kz/catalog/elementy-kolodcev-zhbi,категория
https://metpromintex.kz/catalog/kolonny-zhelezobetonnye,категория
https://metpromintex.kz/catalog/kolonna-verhnyaya-kv,категория
https://metpromintex.kz/catalog/fahverkovye-kolonny,категория
https://metpromintex.kz/catalog/kolonny-iz-arhitekturnogo-betona,категория
https://metpromintex.kz/catalog/kolonny-srednie-zhelezobetonnye,категория
https://metpromintex.kz/catalog/kolonny-nizhnie-zhelezobetonnye,категория
https://metpromintex.kz/catalog/zhelezobetonnye-kolca,категория
https://metpromintex.kz/catalog/dobornye-kolca-dlya-kolodcev,категория
https://metpromintex.kz/catalog/drugie-koltsa,категория
https://metpromintex.kz/catalog/betonnye-kolca-dlya-kolodca,категория
https://metpromintex.kz/catalog/kolco-opornoe,категория
https://metpromintex.kz/catalog/kolco-stenovoe,категория
https://metpromintex.kz/catalog/zhelezobetonnye-lestnicy,категория
https://metpromintex.kz/catalog/lestnichnaya-ploshchadka,категория
https://metpromintex.kz/catalog/lestnichnye-stupeni,категория
https://metpromintex.kz/catalog/lestnichnyy-marsh,категория
https://metpromintex.kz/catalog/ploschadka-lestnichnogo-shoda,категория
https://metpromintex.kz/catalog/stupeni-zhelezobetonnye,категория
https://metpromintex.kz/catalog/stupeni-lestnichnyh-shodov,категория
https://metpromintex.kz/catalog/stupeni-podvalnye,категория
https://metpromintex.kz/catalog/lotki-zhelezobetonnye,категория
https://metpromintex.kz/catalog/lotki-drugie,категория
https://metpromintex.kz/catalog/lotki-teplotrass,категория
https://metpromintex.kz/catalog/lotok-vodootvodnyy,категория
https://metpromintex.kz/catalog/zhelezobetonnye-lotki-kanalov,категория
https://metpromintex.kz/catalog/lotki-mezhduputnye,категория
https://metpromintex.kz/catalog/lotok-mezhdushpalnyy,категория
https://metpromintex.kz/catalog/lotki-s-otverstiem-zhelezobetonnye,категория
https://metpromintex.kz/catalog/lotok-zhelezobetonnyy-uglovoy,категория
https://metpromintex.kz/catalog/teleskopicheskie-lotki,категория
https://metpromintex.kz/catalog/peremychka,категория
https://metpromintex.kz/catalog/peremychki-balochnye,категория
https://metpromintex.kz/catalog/peremychki-bruskovye,категория
https://metpromintex.kz/catalog/peremychki-drugie,категория
https://metpromintex.kz/catalog/peremychki-dlya-proemov,категория
https://metpromintex.kz/catalog/plitnye-peremychki,категория
https://metpromintex.kz/catalog/zhelezobetonnye-plity,категория
https://metpromintex.kz/catalog/aerodromnye-plity,категория
https://metpromintex.kz/catalog/balkonnaya-plita,категория
https://metpromintex.kz/catalog/karniznaya-plita,категория
https://metpromintex.kz/catalog/lentochnye-plity,категория
https://metpromintex.kz/catalog/opornaya-plita,категория
https://metpromintex.kz/catalog/parapetnye-plity,категория
https://metpromintex.kz/catalog/perehodnaya-plita,категория
https://metpromintex.kz/catalog/plita-dnischa-kolodtsa,категория
https://metpromintex.kz/catalog/plita-dorozhnaya,категория
https://metpromintex.kz/catalog/plita-drugaya,категория
https://metpromintex.kz/catalog/plita-zabornaya,категория
https://metpromintex.kz/catalog/plita-ograzhdeniya,категория
https://metpromintex.kz/catalog/plita-perekrytiya-kolodtsa,категория
https://metpromintex.kz/catalog/plita-perekrytiya-teplokamer,категория
https://metpromintex.kz/catalog/plita-ploskaya,категория
https://metpromintex.kz/catalog/plita-podkladka,категория
https://metpromintex.kz/catalog/plity-pokrytiy-zhelezobetonnye,категория
https://metpromintex.kz/catalog/plita-rebristaya-santehnicheskaya,категория
https://metpromintex.kz/catalog/plita-rezervuarov,категория
https://metpromintex.kz/catalog/plita-teplokamery,категория
https://metpromintex.kz/catalog/plity-ukrepleniya-otkosov,категория
https://metpromintex.kz/catalog/plity-dlya-ustanovki-oborudovaniya,категория
https://metpromintex.kz/catalog/plity-dnisch-kanalov,категория
https://metpromintex.kz/catalog/plity-kanalov,категория
https://metpromintex.kz/catalog/plity-lodzhiy,категория
https://metpromintex.kz/catalog/plity-perekrytiya,категория
https://metpromintex.kz/catalog/plity-perekrytiya-kanalov,категория
https://metpromintex.kz/catalog/plity-perekrytiya-lotkov,категория
https://metpromintex.kz/catalog/plity-perekrytiya-lotkov-i-kanalov,категория
https://metpromintex.kz/catalog/plity-perekrytiya-uglovye,категория
https://metpromintex.kz/catalog/plity-teplotrass,категория
https://metpromintex.kz/catalog/plity-shaht-liftov-verhnie,категория
https://metpromintex.kz/catalog/trotuarnye-plity,категория
https://metpromintex.kz/catalog/upornaya-plita,категория
https://metpromintex.kz/catalog/fundamentnaya-plita,категория
https://metpromintex.kz/catalog/zhelezobetonnye-podushki,категория
https://metpromintex.kz/catalog/opornye-podushki-zhelezobetonnye,категория
https://metpromintex.kz/catalog/opornye-podushki-teplotrass,категория
https://metpromintex.kz/catalog/opornaya-podushka-pod-gazovyy-kover,категория
https://metpromintex.kz/catalog/fundamentnaya-podushka,категория
https://metpromintex.kz/catalog/stena,категория
https://metpromintex.kz/catalog/otkosnye-stenki,категория
https://metpromintex.kz/catalog/portalnaya-stenka,категория
https://metpromintex.kz/catalog/stenovye-paneli,категория
https://metpromintex.kz/catalog/zhelezobetonnyy-fundament,категория
https://metpromintex.kz/catalog/fundament-dlya-zabora,категория
https://metpromintex.kz/catalog/lentochnyy-fundament,категория
https://metpromintex.kz/catalog/trehluchevye-fundamenty,категория
https://metpromintex.kz/catalog/fundament-drugoy,категория
https://metpromintex.kz/catalog/fundament-rezervuara,категория
https://metpromintex.kz/catalog/fundament-stakannogo-tipa,категория
https://metpromintex.kz/catalog/drugie-izdeliya,категория
https://metpromintex.kz/catalog/bordyurnyy-kamen,категория
https://metpromintex.kz/catalog/vodootliv,категория
https://metpromintex.kz/catalog/zhelezobetonnye-dnishcha,категория
https://metpromintex.kz/catalog/zhelezobetonnye-fermy,категория
https://metpromintex.kz/catalog/teplovye-kamery-zhelezobetonnye,категория
https://metpromintex.kz/catalog/kozyrki-vhoda-zhelezobetonnye,категория
https://metpromintex.kz/catalog/konicheskie-zvenya-trub,категория
https://metpromintex.kz/catalog/kosoury-zhelezobetonnye,категория
https://metpromintex.kz/catalog/lezhni-zhelezobetonnye,категория
https://metpromintex.kz/catalog/ogolovok-zhelezobetonnyy,категория
https://metpromintex.kz/catalog/parkovochnyy-barer,категория
https://metpromintex.kz/catalog/opory-lep,категория
https://metpromintex.kz/catalog/stoyka-opory-sv,категория
https://metpromintex.kz/catalog/podkladka-pod-blok,категория
https://metpromintex.kz/catalog/podnozhnik,категория
https://metpromintex.kz/catalog/polurama,категория
https://metpromintex.kz/catalog/polusfera-dorozhnaya,категория
https://metpromintex.kz/catalog/pristavka,категория
https://metpromintex.kz/catalog/progon,категория
https://metpromintex.kz/catalog/rigel,категория
https://metpromintex.kz/catalog/stoyki,категория
https://metpromintex.kz/catalog/stolby,категория
https://metpromintex.kz/catalog/tetrapod,категория
https://metpromintex.kz/catalog/utyazheliteli-ubo-dlya-truboprovodov,категория
https://metpromintex.kz/catalog/zvenya-zhelezobetonnye-kruglye,категория
https://metpromintex.kz/catalog/shahtovaya-zatyazhka,категория
https://metpromintex.kz/catalog/elementy-zabora,категория
https://metpromintex.kz/catalog/lotkovye-elementy-sbornyh-zhelezobetonnyh-kanalov,категория
https://metpromintex.kz/catalog/elementy-lotkov,категория
https://metpromintex.kz/catalog/elementy-ograzhdeniya,категория
https://metpromintex.kz/catalog/izdeliya-iz-asbesta,категория
https://metpromintex.kz/catalog/asbestovaya-bumaga,категория
https://metpromintex.kz/catalog/asbestovaya-kroshka,категория
https://metpromintex.kz/catalog/asbestotehnicheskie-izdeliya,категория
https://metpromintex.kz/catalog/asbestocementnyy-list,категория
https://metpromintex.kz/catalog/list-asbostalnoy,категория
https://metpromintex.kz/catalog/osnastka-dlya-instrumenta,категория
https://metpromintex.kz/catalog/bur-dlya-perforatora,категория
https://metpromintex.kz/catalog/sverla-dlya-dreli,категория
https://metpromintex.kz/catalog/freza,категория
https://metpromintex.kz/catalog/kabelno-provodnikovaya-produkciya,категория
https://metpromintex.kz/catalog/vitaya-para,категория
https://metpromintex.kz/catalog/kabel-elektricheskiy,категория
https://metpromintex.kz/catalog/bortovye-kabeli,категория
https://metpromintex.kz/catalog/gibkiy-silovoy-kabel,категория
https://metpromintex.kz/catalog/samoreguliruyushchiysya-greyushchiy-kabel,категория
https://metpromintex.kz/catalog/kabel-kontrolnyy,категория
https://metpromintex.kz/catalog/kabel-montazhnyy,категория
https://metpromintex.kz/catalog/kabel-ognestoykiy,категория
https://metpromintex.kz/catalog/kabel-silovoy-gibkiy,категория
https://metpromintex.kz/catalog/kabel-upravleniya,категория
https://metpromintex.kz/catalog/koaksialnyy-kabel,категория
https://metpromintex.kz/catalog/signalnyy-kabel,категория
https://metpromintex.kz/catalog/silovoy-kabel,категория
https://metpromintex.kz/catalog/sudovoy-kabel,категория
https://metpromintex.kz/catalog/akusticheskiy-kabel,категория
https://metpromintex.kz/catalog/kabel-soedinitelnyy,категория
https://metpromintex.kz/catalog/kabel-telefonnyy,категория
https://metpromintex.kz/catalog/nakonechnik-kabelnyy,категория
https://metpromintex.kz/catalog/opticheskiy-kabel,категория
https://metpromintex.kz/catalog/provoda-elektricheskie,категория
https://metpromintex.kz/catalog/provod-elektricheskiy,категория
https://metpromintex.kz/catalog/neizolirovannye-provoda,категория
https://metpromintex.kz/catalog/obmotochnye-provoda,категория
https://metpromintex.kz/catalog/provod-ustanovochnyy,категория
https://metpromintex.kz/catalog/provod-termostoykiy,категория
https://metpromintex.kz/catalog/soedinitelnye-provoda,категория
https://metpromintex.kz/catalog/samonesuschiy-provod,категория
https://metpromintex.kz/catalog/katanka,категория
https://metpromintex.kz/catalog/katanka-metallicheskaya-dlya-izgotovleniya-pruzhin,категория
https://metpromintex.kz/catalog/prutok-dlya-zazemleniya,категория
https://metpromintex.kz/catalog/alyuminievaya-katanka,категория
https://metpromintex.kz/catalog/katanka-stalnaya,категория
https://metpromintex.kz/catalog/mednaya-katanka,категория
https://metpromintex.kz/catalog/katanka-dlya-metallokorda,категория
https://metpromintex.kz/catalog/katanka-dlya-uvyazki-fundamenta,категория
https://metpromintex.kz/catalog/katanka-stalnaya-dlya-peretyazhki-na-provoloku,категория
https://metpromintex.kz/catalog/provoloka-dlya-setki,категория
https://metpromintex.kz/catalog/krepezh,категория
https://metpromintex.kz/catalog/gvozdi,категория
https://metpromintex.kz/catalog/dyubeli,категория
https://metpromintex.kz/catalog/zaklepki,категория
https://metpromintex.kz/catalog/stroitelnye-krepleniya,категория
https://metpromintex.kz/catalog/klyaymer,категория
https://metpromintex.kz/catalog/kreplenie-dlya-profilya-metallicheskogo,категория
https://metpromintex.kz/catalog/krepleniya-dlya-podvesnyh-konstrukciy,категория
https://metpromintex.kz/catalog/kronshteyn,категория
https://metpromintex.kz/catalog/metallicheskie-shtifty,категория
https://metpromintex.kz/catalog/opora-balki,категория
https://metpromintex.kz/catalog/plastina-perforirovannaya-krepezhnaya,категория
https://metpromintex.kz/catalog/rezbovoy-krepezh,категория
https://metpromintex.kz/catalog/bolty,категория
https://metpromintex.kz/catalog/vinty,категория
https://metpromintex.kz/catalog/gaika,категория
https://metpromintex.kz/catalog/kontrgayki,категория
https://metpromintex.kz/catalog/samorezy,категория
https://metpromintex.kz/catalog/shpilka-rezbovaya,категория
https://metpromintex.kz/catalog/shurupy,категория
https://metpromintex.kz/catalog/skoby,категория
https://metpromintex.kz/catalog/skoby-stroitelnye,категория
https://metpromintex.kz/catalog/shayby-shplinty,категория
https://metpromintex.kz/catalog/shayby,категория
https://metpromintex.kz/catalog/shplinty,категория
https://metpromintex.kz/catalog/homut,категория
https://metpromintex.kz/catalog/canga,категория
https://metpromintex.kz/catalog/krovlya,категория
https://metpromintex.kz/catalog/kompozitnaya-cherepitsa,категория
https://metpromintex.kz/catalog/konek-dlya-kryshi-iz-profnastila,категория
https://metpromintex.kz/catalog/krovelnaya-ventilyatsiya,категория
https://metpromintex.kz/catalog/metallicheskiy-shifer,категория
https://metpromintex.kz/catalog/ruberoid,категория
https://metpromintex.kz/catalog/snegozaderzhateli-na-kryshu,категория
https://metpromintex.kz/catalog/profnastil,категория
https://metpromintex.kz/catalog/proflist-dlya-opalubki,категория
https://metpromintex.kz/catalog/profnastil-dlya-vorot,категория
https://metpromintex.kz/catalog/profnastil-dlya-kryshi,категория
https://metpromintex.kz/catalog/profnastil-dlya-zabora,категория
https://metpromintex.kz/catalog/nerzhaveyushchiy-profnastil,категория
https://metpromintex.kz/catalog/ocinkovannyy-profnastil-dlya-kryshi,категория
https://metpromintex.kz/catalog/profnastil-s-polimernym-pokrytiem,категория
https://metpromintex.kz/catalog/metallocherepica,категория
https://metpromintex.kz/catalog/zhelezo-dlya-kryshi,категория
https://metpromintex.kz/catalog/shifer,категория
https://metpromintex.kz/catalog/lenta,категория
https://metpromintex.kz/catalog/lenta-dlya-izgotovleniya-poroshkovoi-provoloki,категория
https://metpromintex.kz/catalog/lenta-dlya-radiatora,категория
https://metpromintex.kz/catalog/lenta-stalnaya-upakovochnaya,категория
https://metpromintex.kz/catalog/lenta-titanovaya,категория
https://metpromintex.kz/catalog/lenta-titanovaya-dlya-izgotovleniya-detaley,категория
https://metpromintex.kz/catalog/homutnaya-lenta,категория
https://metpromintex.kz/catalog/lenta-mednaya,категория
https://metpromintex.kz/catalog/mednaya-lenta-dlya-zazemleniya-antistaticheskogo-pola,категория
https://metpromintex.kz/catalog/krovelnaya-mednaya-lenta,категория
https://metpromintex.kz/catalog/montazhnaya-lenta-dlya-teplogo-pola,категория
https://metpromintex.kz/catalog/nihromovaya-lenta,категория
https://metpromintex.kz/catalog/nihromovaya-lenta-dlya-zapayshchika-paketov,категория
https://metpromintex.kz/catalog/alyuminievaya-lenta,категория
https://metpromintex.kz/catalog/bronzovaya-lenta,категория
https://metpromintex.kz/catalog/volframovaya-lenta,категория
https://metpromintex.kz/catalog/latunnaya-lenta,категория
https://metpromintex.kz/catalog/lenta-nerzhaveyushchaya,категория
https://metpromintex.kz/catalog/lenta-metallicheskaya,категория
https://metpromintex.kz/catalog/bronelenta-dlya-kabelya,категория
https://metpromintex.kz/catalog/armirovannaya-kolyuchaya-lenta-akl,категория
https://metpromintex.kz/catalog/list,категория
https://metpromintex.kz/catalog/list-tsvetnogo-metalla,категория
https://metpromintex.kz/catalog/alyuminievyy-list,категория
https://metpromintex.kz/catalog/bronzovyy-list,категория
https://metpromintex.kz/catalog/latunnyy-list,категория
https://metpromintex.kz/catalog/volframovyy-list,категория
https://metpromintex.kz/catalog/list-nihromovyy,категория
https://metpromintex.kz/catalog/mednyy-list,категория
https://metpromintex.kz/catalog/svinec-listovoy,категория
https://metpromintex.kz/catalog/titanovyy-list,категория
https://metpromintex.kz/catalog/list-chernogo-metalla,категория
https://metpromintex.kz/catalog/bimetallicheskiy-list,категория
https://metpromintex.kz/catalog/list-metallicheskiy-bu,категория
https://metpromintex.kz/catalog/zhestyanoy-list,категория
https://metpromintex.kz/catalog/krovelnyy-list,категория
https://metpromintex.kz/catalog/list-goryachekatanyy,категория
https://metpromintex.kz/catalog/list-nerzhaveyushchiy,категория
https://metpromintex.kz/catalog/list-ocinkovannyy,категория
https://metpromintex.kz/catalog/list-ocinkovannyy-s-polimernym-pokrytiem,категория
https://metpromintex.kz/catalog/list-riflenyy,категория
https://metpromintex.kz/catalog/list-holodnokatanyy,категория
https://metpromintex.kz/catalog/perforirovannyy-list-metallicheskiy,категория
https://metpromintex.kz/catalog/prosechno-vytyazhnoy-list,категория
https://metpromintex.kz/catalog/chugunnye-listy,категория
https://metpromintex.kz/catalog/listy-nemetallicheskie,категория
https://metpromintex.kz/catalog/viniplast-listovoy,категория
https://metpromintex.kz/catalog/polikarbonat-listovoy,категория
https://metpromintex.kz/catalog/orgsteklo-list,категория
https://metpromintex.kz/catalog/poliacetal-listovoy,категория
https://metpromintex.kz/catalog/polietilen-listovoy,категория
https://metpromintex.kz/catalog/steklo-listovoe,категория
https://metpromintex.kz/catalog/list-dlya-interera,категория
https://metpromintex.kz/catalog/riflenyy-list-dlya-sten,категория
https://metpromintex.kz/catalog/latunnyy-list-v-interere,категория
https://metpromintex.kz/catalog/list-dlya-lestnicy,категория
https://metpromintex.kz/catalog/list-dlya-profnastila,категория
https://metpromintex.kz/catalog/list-metallicheskii-dlya-stupenei,категория
https://metpromintex.kz/catalog/list-perforirovannyi-nerzhaveyushii,категория
https://metpromintex.kz/catalog/mednye-listy-dlya-otdelki-sten,категория
https://metpromintex.kz/catalog/pritopochnyy-mednyy-list,категория
https://metpromintex.kz/catalog/list-dlya-bani,категория
https://metpromintex.kz/catalog/zashchitnyy-ekran-iz-nerzhaveyushchey-stali,категория
https://metpromintex.kz/catalog/ocinkovannyy-list-dlya-bani,категория
https://metpromintex.kz/catalog/list-dlya-vorot,категория
https://metpromintex.kz/catalog/stalnye-listy-dlya-vorot,категория
https://metpromintex.kz/catalog/mednye-listy-dlya-vorot,категория
https://metpromintex.kz/catalog/list-dlya-krovli,категория
https://metpromintex.kz/catalog/krovelnaya-med,категория
https://metpromintex.kz/catalog/metallicheskie-listy-dlya-krovli,категория
https://metpromintex.kz/catalog/llist-alyuminievyy-riflenyy,категория
https://metpromintex.kz/catalog/list-dlya-zabora,категория
https://metpromintex.kz/catalog/perforirovannyi-list-dlya-zabora,категория
https://metpromintex.kz/catalog/plastikovyy-proflist-pet-dlya-zabora,категория
https://metpromintex.kz/catalog/prosechnoy-list-dlya-zabora,категория
https://metpromintex.kz/catalog/list-iz-metalloprofilya-dlya-zabora,категория
https://metpromintex.kz/catalog/list-dlya-kryshi,категория
https://metpromintex.kz/catalog/ocinkovannyi-list-dlya-kryshi,категория
https://metpromintex.kz/catalog/prozrachnyy-shifer-dlya-kryshi,категория
https://metpromintex.kz/catalog/listy-dlya-kryshi-iz-metalloprofilya,категория
https://metpromintex.kz/catalog/otsinkovannyy-profilnyy-list-dlya-kryshi,категория
https://metpromintex.kz/catalog/okozhushka,категория
https://metpromintex.kz/catalog/lyuki-i-dozhdepriemniki,категория
https://metpromintex.kz/catalog/dozhdepriemnik,категория
https://metpromintex.kz/catalog/lyuk-nerzhaveyushchiy,категория
https://metpromintex.kz/catalog/lyuk-chugunnyy-kanalizacionny,категория
https://metpromintex.kz/catalog/lyuk-kanalizacionnyy,категория
https://metpromintex.kz/catalog/metallicheskiy-poroshokk,категория
https://metpromintex.kz/catalog/kobalt-poroshok,категория
https://metpromintex.kz/catalog/latunnyy-poroshok,категория
https://metpromintex.kz/catalog/molibdenovyy-poroshok,категория
https://metpromintex.kz/catalog/nikelevyy-poroshok,категория
https://metpromintex.kz/catalog/niobievyi-poroshok,категория
https://metpromintex.kz/catalog/svincovyy-poroshok,категория
https://metpromintex.kz/catalog/poroshok-hroma,категория
https://metpromintex.kz/catalog/cink-poroshok,категория
https://metpromintex.kz/catalog/alyuminievyy-poroshok,категория
https://metpromintex.kz/catalog/zheleznyy-poroshok,категория
https://metpromintex.kz/catalog/mednaya-pudra,категория
https://metpromintex.kz/catalog/mednyy-poroshok,категория
https://metpromintex.kz/catalog/bronzovyy-poroshok,категория
https://metpromintex.kz/catalog/poroshok-nerzhaveyushchiy,категория
https://metpromintex.kz/catalog/poroshok-olovyannyy,категория
https://metpromintex.kz/catalog/titanovyy-poroshok,категория
https://metpromintex.kz/catalog/vanadievyy-poroshok,категория
https://metpromintex.kz/catalog/poroshok-lantana,категория
https://metpromintex.kz/catalog/alyuminievaya-pudra,категория
https://metpromintex.kz/catalog/bronzovaya-pudra,категория
https://metpromintex.kz/catalog/oborudovanie,категория
https://metpromintex.kz/catalog/datchiki-davleniya,категория
https://metpromintex.kz/catalog/manometr-dlya-izmereniya-davleniya,категория
https://metpromintex.kz/catalog/nasosnoe-oborudovanie,категория
https://metpromintex.kz/catalog/parovoy-kotel,категория
https://metpromintex.kz/catalog/pozharnoe-oborudovanie,категория
https://metpromintex.kz/catalog/golovka-soedinitelnaya-pozharnaya,категория
https://metpromintex.kz/catalog/ognetushitel,категория
https://metpromintex.kz/catalog/pozharnaya-podstavka-pod-gidrant,категория
https://metpromintex.kz/catalog/pozharnyy-stvol,категория
https://metpromintex.kz/catalog/pozharnyi-gidrant,категория
https://metpromintex.kz/catalog/pozharnyy-shkaf,категория
https://metpromintex.kz/catalog/pozharnyy-schit,категория
https://metpromintex.kz/catalog/protivopozharnoe-polotno,категория
https://metpromintex.kz/catalog/termometr,категория
https://metpromintex.kz/catalog/elevator-vodostruynyy,категория
https://metpromintex.kz/catalog/raspredelitelnyy-shchit,категория
https://metpromintex.kz/catalog/elektroprivod,категория
https://metpromintex.kz/catalog/pokovka,категория
https://metpromintex.kz/catalog/pokovka-kruglaya,категория
https://metpromintex.kz/catalog/pokovka-stalnaya,категория
https://metpromintex.kz/catalog/pokovka-kvadratnaya,категория
https://metpromintex.kz/catalog/titanovaya-pokovka,категория
https://metpromintex.kz/catalog/provoloka,категория
https://metpromintex.kz/catalog/svarochnaya-provoloka,категория
https://metpromintex.kz/catalog/provoloka-naplavochnaya,категория
https://metpromintex.kz/catalog/provoloka-dlya-poluavtomata,категория
https://metpromintex.kz/catalog/stalnaya-provoloka,категория
https://metpromintex.kz/catalog/koluchaya-odnoryadnaya-provoloka,категория
https://metpromintex.kz/catalog/provoloka-bimetallicheskaya,категория
https://metpromintex.kz/catalog/kontrovochnaya-provoloka,категория
https://metpromintex.kz/catalog/provoloka-bandazhnaya-luzhenaya,категория
https://metpromintex.kz/catalog/provoloka-vr-1,категория
https://metpromintex.kz/catalog/provoloka-gvozdilnaya,категория
https://metpromintex.kz/catalog/provoloka-iz-pretcizionnyh-splavov,категория
https://metpromintex.kz/catalog/provoloka-kanatnaya,категория
https://metpromintex.kz/catalog/provoloka-ocinkovannaya,категория
https://metpromintex.kz/catalog/provoloka-panch-11,категория
https://metpromintex.kz/catalog/provoloka-poligraficheskaya,категория
https://metpromintex.kz/catalog/provoloka-pruzhinnaya,категория
https://metpromintex.kz/catalog/provoloka-s-polimernym-pokrytiem,категория
https://metpromintex.kz/catalog/uglerodistaya-provoloka,категория
https://metpromintex.kz/catalog/provoloka-holodnoy-vysadki,категория
https://metpromintex.kz/catalog/provoloka-nerzhaveyushchaya,категория
https://metpromintex.kz/catalog/provoloka-vyazalnaya,категория
https://metpromintex.kz/catalog/provoloka-dlya-pruzhinnyh-shaib,категория
https://metpromintex.kz/catalog/provoloka-iz-cvetnyh-metallov,категория
https://metpromintex.kz/catalog/alyuminievaya-provoloka,категория
https://metpromintex.kz/catalog/bronzovaya-provoloka,категория
https://metpromintex.kz/catalog/volframovaya-provoloka,категория
https://metpromintex.kz/catalog/kolyuchaya-provoloka-oks,категория
https://metpromintex.kz/catalog/latunnaya-provoloka,категория
https://metpromintex.kz/catalog/mednaya-provoloka,категория
https://metpromintex.kz/catalog/nikelevaya-provoloka,категория
https://metpromintex.kz/catalog/nihromovaya-provoloka,категория
https://metpromintex.kz/catalog/olovyannaya-provoloka,категория
https://metpromintex.kz/catalog/provoloka-svincovaya,категория
https://metpromintex.kz/catalog/provoloka-termoelektrodnaya,категория
https://metpromintex.kz/catalog/titanovaya-provoloka,категория
https://metpromintex.kz/catalog/cinkovaya-provoloka,категория
https://metpromintex.kz/catalog/provoloka-dlya-armatury,категория
https://metpromintex.kz/catalog/provoloka-dlya-vyazki,категория
https://metpromintex.kz/catalog/provoloka-dlya-gvozdei,категория
https://metpromintex.kz/catalog/provoloka-dlya-kabelya,категория
https://metpromintex.kz/catalog/provoloka-dlya-prochistki-trub,категория
https://metpromintex.kz/catalog/provoloka-dlya-pruzhin,категория
https://metpromintex.kz/catalog/kolyuchaya-provoloka,категория
https://metpromintex.kz/catalog/radiatory-otopleniya,категория
https://metpromintex.kz/catalog/bimetallicheskie-radiatory-otopleniya,категория
https://metpromintex.kz/catalog/probki-radiatornye,категория
https://metpromintex.kz/catalog/stalnye-radiatory-otopleniya,категория
https://metpromintex.kz/catalog/chugunnye-radiatory-otopleniya,категория
https://metpromintex.kz/catalog/komplektuyushchie-dlya-radiatorov-otopleniya,категория
https://metpromintex.kz/catalog/rels,категория
https://metpromintex.kz/catalog/zheleznodorozhnyi-krepezh,категория
https://metpromintex.kz/catalog/izoliruyushchiy-styk-relsov,категория
https://metpromintex.kz/catalog/kolesnye-pary,категория
https://metpromintex.kz/catalog/zheleznodorozhnye-relsy,категория
https://metpromintex.kz/catalog/kranovye-relsy,категория
https://metpromintex.kz/catalog/strelochnye-perevody,категория
https://metpromintex.kz/catalog/tramvaynye-relsy,категория
https://metpromintex.kz/catalog/shpaly,категория
https://metpromintex.kz/catalog/rti,категория
https://metpromintex.kz/catalog/val-obrezinennyy,категория
https://metpromintex.kz/catalog/vtulka-rezinovaya,категория
https://metpromintex.kz/catalog/vtulka-prohodnaya-dlya-kabelya,категория
https://metpromintex.kz/catalog/tkani,категория
https://metpromintex.kz/catalog/lenta-retsar,категория
https://metpromintex.kz/catalog/prorezinennaya-tkan,категория
https://metpromintex.kz/catalog/tkani-dlya-izgotovleniya-turisticheskogo-snaryazheniya,категория
https://metpromintex.kz/catalog/tkan-prorezinennaya,категория
https://metpromintex.kz/catalog/tehplastina-rezinovaya,категория
https://metpromintex.kz/catalog/rezinokordovye-plity-dlya-zhd-pereezdov,категория
https://metpromintex.kz/catalog/poliizobutilen,категория
https://metpromintex.kz/catalog/rezinovyy-profil,категория
https://metpromintex.kz/catalog/prokladki-dlya-flancevyh-soedineniy,категория
https://metpromintex.kz/catalog/manzheta-rezinovaya,категория
https://metpromintex.kz/catalog/mufta-muvp,категория
https://metpromintex.kz/catalog/plastina-rti,категория
https://metpromintex.kz/catalog/uplotnitel-rezinovyy,категория
https://metpromintex.kz/catalog/remni-rezinovye-privodnye,категория
https://metpromintex.kz/catalog/rukav-rezinovyy,категория
https://metpromintex.kz/catalog/rezinovye-smesi,категория
https://metpromintex.kz/catalog/formovye-izdeliya,категория
https://metpromintex.kz/catalog/brizol,категория
https://metpromintex.kz/catalog/diafragma,категория
https://metpromintex.kz/catalog/membrana-tormoznoy-kamery,категория
https://metpromintex.kz/catalog/membrana-dlya-nasosa,категория
https://metpromintex.kz/catalog/diafragma-dlya-truboprovodnoi-armatury,категория
https://metpromintex.kz/catalog/rezinovoe-pokrytie,категория
https://metpromintex.kz/catalog/rezinovoe-pokrytie-dlya-pola,категория
https://metpromintex.kz/catalog/shlang,категория
https://metpromintex.kz/catalog/rezinovaya-konveyernaya-lenta,категория
https://metpromintex.kz/catalog/rezinovaya-kroshka,категория
https://metpromintex.kz/catalog/kolca-rezinovye,категория
https://metpromintex.kz/catalog/mufta-soedinitelnaya-dlya-trub,категория
https://metpromintex.kz/catalog/remni-dlya-promyshlennogo-oborudovaniya,категория
https://metpromintex.kz/catalog/rezinovyy-shnur,категория
https://metpromintex.kz/catalog/rezinovye-trubki,категория
https://metpromintex.kz/catalog/toplivnaya-trubka,категория
https://metpromintex.kz/catalog/termousadochnye-trubki,категория
https://metpromintex.kz/catalog/gryazesemnik-shtoka,категория
https://metpromintex.kz/catalog/germetiki-klei-mastiki,категория
https://metpromintex.kz/catalog/kompaund-dlya-elektroniki,категория
https://metpromintex.kz/catalog/kley-dlya-reziny,категория
https://metpromintex.kz/catalog/mastika-bitumnaya-gidroizolyacionnaya,категория
https://metpromintex.kz/catalog/saiding,категория
https://metpromintex.kz/catalog/sayding-dlya-naruzhnoy-otdelki-doma,категория
https://metpromintex.kz/catalog/sayding-dlya-vnutrenney-otdelki-sten,категория
https://metpromintex.kz/catalog/planki-dlya-saydinga,категория
https://metpromintex.kz/catalog/sayding-dlya-otdelki,категория
https://metpromintex.kz/catalog/setka,категория
https://metpromintex.kz/catalog/setka-dlya-filtra-skvazhiny,категория
https://metpromintex.kz/catalog/georeshetka,категория
https://metpromintex.kz/catalog/geotekstil,категория
https://metpromintex.kz/catalog/ploskoe-kolyuchee-lentochnoe-zagrazhdenie-pklz,категория
https://metpromintex.kz/catalog/reshetchatyy-nastil,категория
https://metpromintex.kz/catalog/setki,категория
https://metpromintex.kz/catalog/setka-dlya-shtukaturki,категория
https://metpromintex.kz/catalog/gabionnaya-setka,категория
https://metpromintex.kz/catalog/setka-mednaya,категория
https://metpromintex.kz/catalog/setka-bronzovaya,категория
https://metpromintex.kz/catalog/setka-mane,категория
https://metpromintex.kz/catalog/setka-nihromovaya,категория
https://metpromintex.kz/catalog/setka-riflenaya,категория
https://metpromintex.kz/catalog/kompozitnaya-setka,категория
https://metpromintex.kz/catalog/setka-tkanaya,категория
https://metpromintex.kz/catalog/setka-cpvs,категория
https://metpromintex.kz/catalog/setka-sharnirnaya,категория
https://metpromintex.kz/catalog/setka-rabica,категория
https://metpromintex.kz/catalog/rukav-setchatyy,категория
https://metpromintex.kz/catalog/setka-latunnaya,категория
https://metpromintex.kz/catalog/sistemy-ograzhdeniy,категория
https://metpromintex.kz/catalog/setka-shtukaturnaya,категория
https://metpromintex.kz/catalog/setka-fasadnaya,категория
https://metpromintex.kz/catalog/setka-svarnaya,категория
https://metpromintex.kz/catalog/setka-dlya-stroitelstva,категория
https://metpromintex.kz/catalog/setka-dlya-styazhki,категория
https://metpromintex.kz/catalog/setka-dlya-teplogo-pola,категория
https://metpromintex.kz/catalog/setka-kladochnaya,категория
https://metpromintex.kz/catalog/setka-dlya-otmostki,категория
https://metpromintex.kz/catalog/setka-dlya-teploizolyacii-trub,категория
https://metpromintex.kz/catalog/setka-dlya-kletok,категория
https://metpromintex.kz/catalog/setka-dlya-volera,категория
https://metpromintex.kz/catalog/setka-dlya-ograzhdenii,категория
https://metpromintex.kz/catalog/setka-dlya-gabionov,категория
https://metpromintex.kz/catalog/setka-dlya-zabora,категория
https://metpromintex.kz/catalog/sortovoy-prokat,категория
https://metpromintex.kz/catalog/kvadrat-metallicheskiy,категория
https://metpromintex.kz/catalog/kvadrat-alyuminievyy,категория
https://metpromintex.kz/catalog/kvadrat-bronzovyy,категория
https://metpromintex.kz/catalog/kvadrat-bu,категория
https://metpromintex.kz/catalog/mednyy-kvadrat,категория
https://metpromintex.kz/catalog/kvadrat-nerzhaveyushchiy,категория
https://metpromintex.kz/catalog/kvadrat-latunnyi-i-mednyi-dlya-elektrotekhnicheskikh-detalei,категория
https://metpromintex.kz/catalog/kvadrat-stalnoy,категория
https://metpromintex.kz/catalog/kvadrat-chugunnyy,категория
https://metpromintex.kz/catalog/kvadrat-latunnyy,категория
https://metpromintex.kz/catalog/kvadrat-nihromovyi,категория
https://metpromintex.kz/catalog/kvadrat-titanovyy,категория
https://metpromintex.kz/catalog/krug,категория
https://metpromintex.kz/catalog/volframovyy-prutok,категория
https://metpromintex.kz/catalog/krug-alyuminievyy,категория
https://metpromintex.kz/catalog/bronzovyy-krug,категория
https://metpromintex.kz/catalog/titanovyy-krug,категория
https://metpromintex.kz/catalog/krug-stalnoy-dlya-lopatok-parovyh-turbin,категория
https://metpromintex.kz/catalog/krug-bu,категория
https://metpromintex.kz/catalog/krug-latunnyy,категория
https://metpromintex.kz/catalog/mednyy-krug,категория
https://metpromintex.kz/catalog/krug-titanovyy-dlya-kriogennoy-tehniki,категория
https://metpromintex.kz/catalog/krug-chugunnyy,категория
https://metpromintex.kz/catalog/prutok-nerzhaveyuschiy,категория
https://metpromintex.kz/catalog/krug-prutok-nihromovyi,категория
https://metpromintex.kz/catalog/krug-stalnoy,категория
https://metpromintex.kz/catalog/prutok-olovyannyy,категория
https://metpromintex.kz/catalog/prutok-svincovyy,категория
https://metpromintex.kz/catalog/prutok-cinkovyy,категория
https://metpromintex.kz/catalog/polosa,категория
https://metpromintex.kz/catalog/alyuminievaya-polosa,категория
https://metpromintex.kz/catalog/polosa-mednaya-dlya-sozdaniya-provodnikovykh-materialov,категория
https://metpromintex.kz/catalog/polosa-stalnaya-dlya-ograzhdenii-i-zaborov,категория
https://metpromintex.kz/catalog/polosa-stalnaya-dlya-proizvodstva-rezhushego-instrumenta,категория
https://metpromintex.kz/catalog/polosa-titanovaya-dlya-medicinskikh-instrumentov,категория
https://metpromintex.kz/catalog/polosa-titanovaya-v-mashinostroenii,категория
https://metpromintex.kz/catalog/mednaya-shina-elektrotehnicheskaya,категория
https://metpromintex.kz/catalog/shina-zazemleniya,категория
https://metpromintex.kz/catalog/polosa-bimetallicheskaya,категория
https://metpromintex.kz/catalog/bronzovaya-polosa,категория
https://metpromintex.kz/catalog/volframovaya-polosa,категория
https://metpromintex.kz/catalog/polosa-latunnaya,категория
https://metpromintex.kz/catalog/nihromovaya-polosa,категория
https://metpromintex.kz/catalog/poliuretanovaya-polosa,категория
https://metpromintex.kz/catalog/polosa-mednaya,категория
https://metpromintex.kz/catalog/polosa-stalnaya,категория
https://metpromintex.kz/catalog/polosa-nabivochnaya-layon,категория
https://metpromintex.kz/catalog/polosa-nerzhaveyushaya,категория
https://metpromintex.kz/catalog/polosa-perforirovannaya,категория
https://metpromintex.kz/catalog/titanovaya-polosa,категория
https://metpromintex.kz/catalog/chugunnaya-polosa,категория
https://metpromintex.kz/catalog/polosobulb,категория
https://metpromintex.kz/catalog/prutok,категория
https://metpromintex.kz/catalog/prutok-latunnyi-dlya-pechatnoi-promyshlennosti,категория
https://metpromintex.kz/catalog/prutok-latunnyi-dlya-chasovoi-promyshlennosti,категория
https://metpromintex.kz/catalog/trubnye-zagotovki-stalnye,категория
https://metpromintex.kz/catalog/krug-konstrukcionnyy,категория
https://metpromintex.kz/catalog/titan-medicinskiy,категория
https://metpromintex.kz/catalog/prutok-metallicheskiy-dlya-izgotovleniya-metizov,категория
https://metpromintex.kz/catalog/prutok-metallicheskiy-dlya-mebelnoy-furnituryy,категория
https://metpromintex.kz/catalog/prutok-metallicheskiy-dlya-promyshlennoy-furnitury,категория
https://metpromintex.kz/catalog/prutok-stalnoy-dlya-izgotovleniya-bytovyh-predmetov,категория
https://metpromintex.kz/catalog/bronzovyy-prutok,категория
https://metpromintex.kz/catalog/mednyy-prutok,категория
https://metpromintex.kz/catalog/prutok-alyuminievyi,категория
https://metpromintex.kz/catalog/prutok-latunnyi,категория
https://metpromintex.kz/catalog/prutok-stalnoi,категория
https://metpromintex.kz/catalog/prutok-chugunnyy,категория
https://metpromintex.kz/catalog/prutok-titanovyi,категория
https://metpromintex.kz/catalog/shestigrannik,категория
https://metpromintex.kz/catalog/latunnyy-shestigrannik,категория
https://metpromintex.kz/catalog/mednyy-shestigrannik,категория
https://metpromintex.kz/catalog/shestigrannik-alyuminievyy,категория
https://metpromintex.kz/catalog/shestigrannik-bronzovyy,категория
https://metpromintex.kz/catalog/shestigrannik-bu,категория
https://metpromintex.kz/catalog/shestigrannik-nerzhaveyushchiy,категория
https://metpromintex.kz/catalog/shestigrannik-stalnoy,категория
https://metpromintex.kz/catalog/shestigrannik-titanovyy,категория
https://metpromintex.kz/catalog/roliki-promyshlennye,категория
https://metpromintex.kz/catalog/melyushchie-shary,категория
https://metpromintex.kz/catalog/stroitelnye-materialy,категория
https://metpromintex.kz/catalog/kirpich,категория
https://metpromintex.kz/catalog/listovye-materialy-iz-dereva,категория
https://metpromintex.kz/catalog/gipsovoloknistyy-list,категория
https://metpromintex.kz/catalog/dvp,категория
https://metpromintex.kz/catalog/dsp,категория
https://metpromintex.kz/catalog/ldsp,категория
https://metpromintex.kz/catalog/paneli-mdf,категория
https://metpromintex.kz/catalog/mebelnyy-schit,категория
https://metpromintex.kz/catalog/osb-plita,категория
https://metpromintex.kz/catalog/fanera,категория
https://metpromintex.kz/catalog/hdf,категория
https://metpromintex.kz/catalog/tssp,категория
https://metpromintex.kz/catalog/pilomaterialy,категория
https://metpromintex.kz/catalog/derevyannyy-brus,категория
https://metpromintex.kz/catalog/doska-obreznaya,категория
https://metpromintex.kz/catalog/doska-neobreznaya,категория
https://metpromintex.kz/catalog/polovaya-doska,категория
https://metpromintex.kz/catalog/plitka-i-keramogranit,категория
https://metpromintex.kz/catalog/keramogranit,категория
https://metpromintex.kz/catalog/plitka-oblicovochnaya,категория
https://metpromintex.kz/catalog/rulonnaya-krovlya,категория
https://metpromintex.kz/catalog/aksessuary-k-mansardnym-oknam,категория
https://metpromintex.kz/catalog/stroitelnye-bloki,категория
https://metpromintex.kz/catalog/sypuchie-stroymaterialy-i-rastvory,категория
https://metpromintex.kz/catalog/beton,категория
https://metpromintex.kz/catalog/suhie-stroitelnye-smesi,категория
https://metpromintex.kz/catalog/gips-stroitelnyy,категория
https://metpromintex.kz/catalog/dobavki-v-beton,категория
https://metpromintex.kz/catalog/zhidkie-stroymaterialy,категория
https://metpromintex.kz/catalog/izvestkovyy-rastvor,категория
https://metpromintex.kz/catalog/inekcionnaya-gidroizolyaciya,категория
https://metpromintex.kz/catalog/keramzit,категория
https://metpromintex.kz/catalog/pesok,категория
https://metpromintex.kz/catalog/pronikayuschaya-gidroizolyatsiya,категория
https://metpromintex.kz/catalog/fibrovolokno,категория
https://metpromintex.kz/catalog/cement-optom,категория
https://metpromintex.kz/catalog/scheben,категория
https://metpromintex.kz/catalog/sendvich-paneli,категория
https://metpromintex.kz/catalog/akusticheskie-paneli,категория
https://metpromintex.kz/catalog/dvuhsloynye-sendvich-paneli,категория
https://metpromintex.kz/catalog/krovelnye-sendvich-paneli,категория
https://metpromintex.kz/catalog/sendvich-paneli-s-minvatoy,категория
https://metpromintex.kz/catalog/nachalnaya-sendvich-panel,категория
https://metpromintex.kz/catalog/panel,категория
https://metpromintex.kz/catalog/sendvich-paneli-stenovye,категория
https://metpromintex.kz/catalog/uglovye-sendvich-paneli,категория
https://metpromintex.kz/catalog/fasadnye-sendvich-paneli,категория
https://metpromintex.kz/catalog/trotuarnaya-plitka,категория
https://metpromintex.kz/catalog/fasadnye-paneli,категория
https://metpromintex.kz/catalog/mramor,категория
https://metpromintex.kz/catalog/takelazh,категория
https://metpromintex.kz/catalog/kanat,категория
https://metpromintex.kz/catalog/trosy-kanaty-stalnye,категория
https://metpromintex.kz/catalog/kanat-dlya-promyshlennosti,категория
https://metpromintex.kz/catalog/kanat-dekorativnyy,категория
https://metpromintex.kz/catalog/aviacionnye-kanaty,категория
https://metpromintex.kz/catalog/kanaty-polimernye-dlya-gruzopodemnyh-mehanizmov,категория
https://metpromintex.kz/catalog/korabelnyy-kanat,категория
https://metpromintex.kz/catalog/kanat-gruzovoy-stalnoy,категория
https://metpromintex.kz/catalog/kanat-dzhutovyy,категория
https://metpromintex.kz/catalog/kanat-poliamidnyy,категория
https://metpromintex.kz/catalog/kanat-polipropilenovyy,категория
https://metpromintex.kz/catalog/penkovaya-verevka,категория
https://metpromintex.kz/catalog/sizalevaya-verevka,категория
https://metpromintex.kz/catalog/tros-nerzhaveyushchiy,категория
https://metpromintex.kz/catalog/tros,категория
https://metpromintex.kz/catalog/tros-poliamidnyy,категория
https://metpromintex.kz/catalog/tros-polipropilenovyy,категория
https://metpromintex.kz/catalog/sizalevyy-tros,категория
https://metpromintex.kz/catalog/penkovyy-tros,категория
https://metpromintex.kz/catalog/tros-dzhutovyy,категория
https://metpromintex.kz/catalog/tros-dlya-lebedki-stalnoy,категория
https://metpromintex.kz/catalog/tros-nerzhaveyushii-dlya-skvazhinnogo-nasosa,категория
https://metpromintex.kz/catalog/tros-dlya-tali,категория
https://metpromintex.kz/catalog/stropy-gruzopodemnye,категория
https://metpromintex.kz/catalog/stropy-kanatnye,категория
https://metpromintex.kz/catalog/stropy-tekstilnye,категория
https://metpromintex.kz/catalog/stropy-tsepnye,категория
https://metpromintex.kz/catalog/styazhnye-remni-dlya-krepleniya-gruza,категория
https://metpromintex.kz/catalog/talrepy,категория
https://metpromintex.kz/catalog/cep-gruzovaya,категория
https://metpromintex.kz/catalog/tsep-transporternaya,категория
https://metpromintex.kz/catalog/tsepi-gruzopodemnye,категория
https://metpromintex.kz/catalog/tsepi-tyagovye,категория
https://metpromintex.kz/catalog/tsep-vitaya,категория
https://metpromintex.kz/catalog/tsep-gruzovaya,категория
https://metpromintex.kz/catalog/tsep-dlinnozvennaya,категория
https://metpromintex.kz/catalog/tsep-korotkozvennaya,категория
https://metpromintex.kz/catalog/tsep-kruglozvennaya,категория
https://metpromintex.kz/catalog/tsep-privodnaya,категория
https://metpromintex.kz/catalog/yakornaya-tsep,категория
https://metpromintex.kz/catalog/truba,категория
https://metpromintex.kz/catalog/truba-alyuminievaya,категория
https://metpromintex.kz/catalog/truba-alyuminievaya-kruglaya,категория
https://metpromintex.kz/catalog/truba-profilnaya-alyuminievaya,категория
https://metpromintex.kz/catalog/truba-bronzovaya,категория
https://metpromintex.kz/catalog/drugaya-truba,категория
https://metpromintex.kz/catalog/bimetallicheskie-truby,категория
https://metpromintex.kz/catalog/truba-volframovaya,категория
https://metpromintex.kz/catalog/kvarcevaya-trubka,категория
https://metpromintex.kz/catalog/steklotekstolitovaya-truba,категория
https://metpromintex.kz/catalog/truba-vodostochnaya-tsink-titan,категория
https://metpromintex.kz/catalog/truba-kotelnaya-plavnikovaya,категория
https://metpromintex.kz/catalog/treugolnaya-truba,категория
https://metpromintex.kz/catalog/truba-latunnaya,категория
https://metpromintex.kz/catalog/truba-kruglaya-latunnaya,категория
https://metpromintex.kz/catalog/latunnaya-profilnaya-truba,категория
https://metpromintex.kz/catalog/truba-mednaya,категория
https://metpromintex.kz/catalog/truba-vodostochnaya-mednaya,категория
https://metpromintex.kz/catalog/truba-kapillyarnaya-mednaya,категория
https://metpromintex.kz/catalog/profilnaya-mednaya-truba,категория
https://metpromintex.kz/catalog/mednye-truby,категория
https://metpromintex.kz/catalog/truba-metallicheskaya,категория
https://metpromintex.kz/catalog/truba-dlya-dymohoda-s-drosselem,категория
https://metpromintex.kz/catalog/truba-kotelnaya,категория
https://metpromintex.kz/catalog/truba-krekingovaya,категория
https://metpromintex.kz/catalog/truba-magistralnaya,категория
https://metpromintex.kz/catalog/truba-ploskoovalnaya,категория
https://metpromintex.kz/catalog/truba-predizolirovannaya,категория
https://metpromintex.kz/catalog/obsadnye-truby-dlya-skvazhin,категория
https://metpromintex.kz/catalog/spiralnovitye-gofrirovannye-truby,категория
https://metpromintex.kz/catalog/stalnaya-vodostochnaya-truba,категория
https://metpromintex.kz/catalog/truba-besshovnaya-goryachedeformirovannaya,категория
https://metpromintex.kz/catalog/truba-vgp,категория
https://metpromintex.kz/catalog/truba-nkt,категория
https://metpromintex.kz/catalog/truba-ocinkovannaya,категория
https://metpromintex.kz/catalog/truba-profilnaya,категория
https://metpromintex.kz/catalog/truba-soedinitelnaya,категория
https://metpromintex.kz/catalog/burilnye-truby,категория
https://metpromintex.kz/catalog/truba-holodnodeformirovannaya,категория
https://metpromintex.kz/catalog/truba-elektrosvarnaya,категория
https://metpromintex.kz/catalog/truby-iz-nerzhaveyuschey-stali,категория
https://metpromintex.kz/catalog/gofrirovannaya-nerzhaveyushchaya-truba,категория
https://metpromintex.kz/catalog/trubka-kapillyarnaya-nerzhaveyushchaya,категория
https://metpromintex.kz/catalog/truba-nerzhaveyushchaya,категория
https://metpromintex.kz/catalog/truba-profilnaya-nerzhaveyushchaya,категория
https://metpromintex.kz/catalog/truba-dlya-dachnogo-uchastka,категория
https://metpromintex.kz/catalog/metallicheskie-truby-dlya-teplicy,категория
https://metpromintex.kz/catalog/plastikovye-truby-dlya-teplicy,категория
https://metpromintex.kz/catalog/profilnaya-truba-dlya-besedki,категория
https://metpromintex.kz/catalog/truba-iz-nerzhaveyushchey-stali-dlya-peril,категория
https://metpromintex.kz/catalog/truby-dlya-kachelei-gorok-i-turnikov,категория
https://metpromintex.kz/catalog/truba-mebelnaya,категория
https://metpromintex.kz/catalog/truba-profilnaya-dlya-navesa,категория
https://metpromintex.kz/catalog/truba-dlya-dymokhoda,категория
https://metpromintex.kz/catalog/ocinkovannaya-truba-dlya-dymohoda,категория
https://metpromintex.kz/catalog/truba-dlya-bani,категория
https://metpromintex.kz/catalog/truba-dlya-dymohoda-gazovogo-kotla,категория
https://metpromintex.kz/catalog/truba-dlya-gazosnabzheniya,категория
https://metpromintex.kz/catalog/stalnoy-futlyar-dlya-trub,категория
https://metpromintex.kz/catalog/truba-dlya-kabelya,категория
https://metpromintex.kz/catalog/truba-dlya-kanalizacii,категория
https://metpromintex.kz/catalog/asbestocementnye-truby-dlya-kanalizacii,категория
https://metpromintex.kz/catalog/ventilyacionnyy-vyhod-na-kryshu,категория
https://metpromintex.kz/catalog/kanalizacionnye-truby-pvh-dlya-naruzhnoy-kanalizacii,категория
https://metpromintex.kz/catalog/truby-kanalizacionnye-dlya-vnutrenney-kanalizacii,категория
https://metpromintex.kz/catalog/neftyanye-truby,категория
https://metpromintex.kz/catalog/truby-dlya-otopleniya,категория
https://metpromintex.kz/catalog/mednye-truby-dlya-otopleniya,категория
https://metpromintex.kz/catalog/plastikovye-truby-dlya-otopleniya,категория
https://metpromintex.kz/catalog/stalnye-truby-dlya-otopleniya,категория
https://metpromintex.kz/catalog/truba-dlya-sistemy-poliva,категория
https://metpromintex.kz/catalog/truba-dlya-skvazhiny,категория
https://metpromintex.kz/catalog/plastikovye-obsadnye-truby-pvh,категория
https://metpromintex.kz/catalog/truby-stalnye-obsadnye,категория
https://metpromintex.kz/catalog/truba-dlya-teplogo-pola,категория
https://metpromintex.kz/catalog/gofrirovannye-nerzhaveyushie-truby-dlya-tyoplogo-pola,категория
https://metpromintex.kz/catalog/mednye-truby-dlya-teplogo-pola,категория
https://metpromintex.kz/catalog/plastikovye-truby-dlya-teplogo-pola,категория
https://metpromintex.kz/catalog/truby-dlya-teplogo-plintusa,категория
https://metpromintex.kz/catalog/truba-dlya-vodoprovoda,категория
https://metpromintex.kz/catalog/plastikovye-truby-dlya-vodoprovoda,категория
https://metpromintex.kz/catalog/truby-dlya-vnutrennego-vodoprovoda,категория
https://metpromintex.kz/catalog/truba-pvh-npvh,категория
https://metpromintex.kz/catalog/vodostochnaya-truba-plastikovaya,категория
https://metpromintex.kz/catalog/obsadnye-truby-pvh,категория
https://metpromintex.kz/catalog/truba-pvh,категория
https://metpromintex.kz/catalog/truba-pp-polipropilenovaya,категория
https://metpromintex.kz/catalog/polipropilenovye-truby,категория
https://metpromintex.kz/catalog/drenazhnaya-truba-dlya-otvoda-gruntovyh-vod,категория
https://metpromintex.kz/catalog/truby-pnd,категория
https://metpromintex.kz/catalog/obsadnaya-truba-pnd,категория
https://metpromintex.kz/catalog/pnd-truba,категория
https://metpromintex.kz/catalog/drenazhnye-truby,категория
https://metpromintex.kz/catalog/stekloplastikovye-truby,категория
https://metpromintex.kz/catalog/stekloplastikovaya-profilnaya-truba,категория
https://metpromintex.kz/catalog/truba-stekloplastikovaya-kruglaya,категория
https://metpromintex.kz/catalog/truba-hrizolitotsementnaya-asbotsementnaya,категория
https://metpromintex.kz/catalog/hrizolitotsementnye-truby,категория
https://metpromintex.kz/catalog/asbestotsementnaya-truba,категория
https://metpromintex.kz/catalog/truba-bu,категория
https://metpromintex.kz/catalog/truba-kruglaya-bu,категория
https://metpromintex.kz/catalog/profilnaya-truba-bu,категория
https://metpromintex.kz/catalog/truba-dlya-zabora,категория
https://metpromintex.kz/catalog/vodostochnaya-truba,категория
https://metpromintex.kz/catalog/gofrirovannaya-truba-dlya-ventilyacii,категория
https://metpromintex.kz/catalog/zhelezobetonnye-truby,категория
https://metpromintex.kz/catalog/metalloplastikovaya-truba,категория
https://metpromintex.kz/catalog/metallorukav,категория
https://metpromintex.kz/catalog/nozhevaya-sektsiya-obsadnoy-truby,категория
https://metpromintex.kz/catalog/opory-truboprovodov,категория
https://metpromintex.kz/catalog/polibutenovaya-truba,категория
https://metpromintex.kz/catalog/titanovaya-truba,категория
https://metpromintex.kz/catalog/truba-iz-orgstekla,категория
https://metpromintex.kz/catalog/truba-polikarbonatnaya,категория
https://metpromintex.kz/catalog/medno-nikelevye-truby,категория
https://metpromintex.kz/catalog/truba-molibdenovaya,категория
https://metpromintex.kz/catalog/truboshpunt,категория
https://metpromintex.kz/catalog/chugunnye-truby,категория
https://metpromintex.kz/catalog/ventilyacionnaya-truba,категория
https://metpromintex.kz/catalog/vozduhovody-iz-ocinkovannoy-stali,категория
https://metpromintex.kz/catalog/truboprovodnaya-armatura,категория
https://metpromintex.kz/catalog/nippel-santehnicheskiy,категория
https://metpromintex.kz/catalog/mufta-amerikanka,категория
https://metpromintex.kz/catalog/troynik-kanalizacionnyy,категория
https://metpromintex.kz/catalog/ugolnik-dlya-trub,категория
https://metpromintex.kz/catalog/vtulka-pod-flanec,категория
https://metpromintex.kz/catalog/zadvizhki,категория
https://metpromintex.kz/catalog/zaglushka-dlya-trubyy,категория
https://metpromintex.kz/catalog/zatvor-diskovyy-povorotnyy,категория
https://metpromintex.kz/catalog/soedinitel-trubnyy,категория
https://metpromintex.kz/catalog/sedelka-na-trubu,категория
https://metpromintex.kz/catalog/trap-kanalizacionnyy,категория
https://metpromintex.kz/catalog/trapy-iz-nerzhaveyushchey-stali,категория
https://metpromintex.kz/catalog/trap-plastikovyy,категория
https://metpromintex.kz/catalog/trap-chugunnyy,категория
https://metpromintex.kz/catalog/troynik,категория
https://metpromintex.kz/catalog/troynik-bronzovyy,категория
https://metpromintex.kz/catalog/troynik-latunnyy,категория
https://metpromintex.kz/catalog/troynik-mednyy,категория
https://metpromintex.kz/catalog/troynik-nerzhaveyushchiy,категория
https://metpromintex.kz/catalog/troynik-plastikovyy,категория
https://metpromintex.kz/catalog/troynik-polipropilenovyy,категория
https://metpromintex.kz/catalog/troynik-polietilenovyy,категория
https://metpromintex.kz/catalog/troynik-stalnoy,категория
https://metpromintex.kz/catalog/titanovyy-troynik,категория
https://metpromintex.kz/catalog/troynik-chugunnyy,категория
https://metpromintex.kz/catalog/flanec-dlya-truby,категория
https://metpromintex.kz/catalog/flanec-latunnyy,категория
https://metpromintex.kz/catalog/prokladka-pod-flanets,категория
https://metpromintex.kz/catalog/flancy-titanovye,категория
https://metpromintex.kz/catalog/alyuminievye-flancy,категория
https://metpromintex.kz/catalog/flanec-nerzhaveyushchiy,категория
https://metpromintex.kz/catalog/flanec-plastikovyy,категория
https://metpromintex.kz/catalog/flanec-stalnoy,категория
https://metpromintex.kz/catalog/flanec-chugunnyy,категория
https://metpromintex.kz/catalog/bobyshka,категория
https://metpromintex.kz/catalog/bochonok-santehnicheskiy,категория
https://metpromintex.kz/catalog/ventil-zapornyy-klapan,категория
https://metpromintex.kz/catalog/ventil-bronzovyy,категория
https://metpromintex.kz/catalog/ventil-latunnyy,категория
https://metpromintex.kz/catalog/ventil-nerzhaveyushchiy,категория
https://metpromintex.kz/catalog/ventil-plastikovyy,категория
https://metpromintex.kz/catalog/ventil-polipropilenovyy,категория
https://metpromintex.kz/catalog/ventil-stalnoy,категория
https://metpromintex.kz/catalog/ventil-titanovyy,категория
https://metpromintex.kz/catalog/ventil-chugunnyy,категория
https://metpromintex.kz/catalog/vtulka-metallicheskaya,категория
https://metpromintex.kz/catalog/vtulka-bronzovaya,категория
https://metpromintex.kz/catalog/vtulka-latunnaya,категория
https://metpromintex.kz/catalog/vtulka-mednaya,категория
https://metpromintex.kz/catalog/vtulka-plastikovaya,категория
https://metpromintex.kz/catalog/vtulka-polipropilenovaya,категория
https://metpromintex.kz/catalog/vtulka-pe,категория
https://metpromintex.kz/catalog/vtulka-chugunnaya,категория
https://metpromintex.kz/catalog/gryazevik-dlya-sistemy-otopleniya,категория
https://metpromintex.kz/catalog/dvoynoy-rastrub,категория
https://metpromintex.kz/catalog/dnishche-ellipticheskoe,категория
https://metpromintex.kz/catalog/zaglushka,категория
https://metpromintex.kz/catalog/zaglushka-alyuminievaya-dlya-trub,категория
https://metpromintex.kz/catalog/zaglushka-mednaya-pod-payku,категория
https://metpromintex.kz/catalog/zaglushka-iz-nerzhaveyushchey-stali,категория
https://metpromintex.kz/catalog/zaglushka-plastikovaya,категория
https://metpromintex.kz/catalog/zaglushki-dlya-polipropilenovyh-trub,категория
https://metpromintex.kz/catalog/zaglushka-polietilenovaya,категория
https://metpromintex.kz/catalog/zaglushka-stalnaya,категория
https://metpromintex.kz/catalog/zaglushka-latunnaya,категория
https://metpromintex.kz/catalog/zaglushka-chugunnaya,категория
https://metpromintex.kz/catalog/zaglushki-dlya-trub-plastikovye,категория
https://metpromintex.kz/catalog/titanovaya-zaglushka,категория
https://metpromintex.kz/catalog/zadvizhka,категория
https://metpromintex.kz/catalog/zadvizhki-chugunnye,категория
https://metpromintex.kz/catalog/zadvizhki-latunnye,категория
https://metpromintex.kz/catalog/zadvizhka-nerzhaveyushchaya,категория
https://metpromintex.kz/catalog/zadvizhki-stalnye,категория
https://metpromintex.kz/catalog/zatvor,категория
https://metpromintex.kz/catalog/izoliruyushchee-flancevoe-soedinenie,категория
https://metpromintex.kz/catalog/kesson-dlya-skvazhiny,категория
https://metpromintex.kz/catalog/klapan-dlya-trub,категория
https://metpromintex.kz/catalog/klapan-bronzovyy,категория
https://metpromintex.kz/catalog/klapan-nerzhaveyushchiy,категория
https://metpromintex.kz/catalog/klapan-plastikovyy,категория
https://metpromintex.kz/catalog/klapany-stalnye,категория
https://metpromintex.kz/catalog/klapan-chugunnyy,категория
https://metpromintex.kz/catalog/klapan-latunnyy,категория
https://metpromintex.kz/catalog/obratnyy-klapan-dlya-kanalizacii,категория
https://metpromintex.kz/catalog/kover-gazovyyy,категория
https://metpromintex.kz/catalog/kover-gazovyy-polimerno-peschanyy,категория
https://metpromintex.kz/catalog/kover-gazovyy-chugunnyy,категория
https://metpromintex.kz/catalog/koleno-santehnicheskoe,категория
https://metpromintex.kz/catalog/koleno-chugunnoe-dlya-kanalizacii,категория
https://metpromintex.kz/catalog/koleno-pvh,категория
https://metpromintex.kz/catalog/plastikovye-koltsa,категория
https://metpromintex.kz/catalog/kolco-flanca-uplotnitelnoe,категория
https://metpromintex.kz/catalog/kompensator,категория
https://metpromintex.kz/catalog/kondensatootvodchik,категория
https://metpromintex.kz/catalog/kran-dlya-trub,категория
https://metpromintex.kz/catalog/kran-metallicheskiy,категория
https://metpromintex.kz/catalog/plastikovyy-kran,категория
https://metpromintex.kz/catalog/krestovina-kanalizacionnaya,категория
https://metpromintex.kz/catalog/krestovina-nerzhaveyushchaya,категория
https://metpromintex.kz/catalog/krestoviny-plastikovye-dlya-trub,категория
https://metpromintex.kz/catalog/krestovina-polipropilenovaya,категория
https://metpromintex.kz/catalog/krestovina-pnd,категория
https://metpromintex.kz/catalog/krestovina-stalnaya-dlya-trub,категория
https://metpromintex.kz/catalog/krestovina-chugunnaya-kanalizacionnaya,категория
https://metpromintex.kz/catalog/krestovina-latunnaya,категория
https://metpromintex.kz/catalog/mufta-dlya-trub,категория
https://metpromintex.kz/catalog/mufta-soedinitelnaya,категория
https://metpromintex.kz/catalog/mufta-nkt,категория
https://metpromintex.kz/catalog/mufta-dlya-obsadnoj-truby,категория
https://metpromintex.kz/catalog/soedinenie-amerikanka,категория
https://metpromintex.kz/catalog/mufty-dlya-polipropilenovyh-trub,категория
https://metpromintex.kz/catalog/mufta-soedinitelnaya-dlya-trub-metallicheskih,категория
https://metpromintex.kz/catalog/oporno-napravlyayuschie-koltsa,категория
https://metpromintex.kz/catalog/otvod-dlya-trubb,категория
https://metpromintex.kz/catalog/otvod-kanalizacionnyy,категория
https://metpromintex.kz/catalog/otvod-pvh,категория
https://metpromintex.kz/catalog/otvod-plastikovyy,категория
https://metpromintex.kz/catalog/otvod-polipropilenovyy,категория
https://metpromintex.kz/catalog/otvod-polietilenovyy,категория
https://metpromintex.kz/catalog/otvod-stalnoy,категория
https://metpromintex.kz/catalog/otvod-bu,категория
https://metpromintex.kz/catalog/otvody-alyuminievye,категория
https://metpromintex.kz/catalog/otvod-bronzovyy,категория
https://metpromintex.kz/catalog/otvod-latunnyy,категория
https://metpromintex.kz/catalog/otvod-mednyy,категория
https://metpromintex.kz/catalog/otvod-nerzhaveyushchiy,категория
https://metpromintex.kz/catalog/otvod-ocinkovannyy,категория
https://metpromintex.kz/catalog/otvody-stalnye,категория
https://metpromintex.kz/catalog/otvody-titanovye,категория
https://metpromintex.kz/catalog/otvod-chugunnyy,категория
https://metpromintex.kz/catalog/perekhodnik-dlya-trub,категория
https://metpromintex.kz/catalog/perekhod-dlya-plastikovykh-trub,категория
https://metpromintex.kz/catalog/perehod-dlya-stalnyh-trub,категория
https://metpromintex.kz/catalog/perehodnik-latunnyy,категория
https://metpromintex.kz/catalog/mednyy-perehod,категория
https://metpromintex.kz/catalog/perehod-nerzhaveyushchiy,категория
https://metpromintex.kz/catalog/perehod-pvh,категория
https://metpromintex.kz/catalog/perehodnik-polipropilenovyy-dlya-trub,категория
https://metpromintex.kz/catalog/perehod-pe,категория
https://metpromintex.kz/catalog/perehod-stalnoy,категория
https://metpromintex.kz/catalog/perehod-iz-titana,категория
https://metpromintex.kz/catalog/perehod-chugunnyy,категория
https://metpromintex.kz/catalog/reviziya-kanalizacionnaya,категория
https://metpromintex.kz/catalog/rezba-stalnaya,категория
https://metpromintex.kz/catalog/rezba-gost-6357-81,категория
https://metpromintex.kz/catalog/rezbovye-fitingi-gost-8965-75,категория
https://metpromintex.kz/catalog/rezba-stalnaya-gost-8967-75,категория
https://metpromintex.kz/catalog/rezba-stalnaya-gost-8969-75,категория
https://metpromintex.kz/catalog/santehnicheskiy-patrubok,категория
https://metpromintex.kz/catalog/filtr-gruboy-ochistki-dlya-vody,категория
https://metpromintex.kz/catalog/futorka,категория
https://metpromintex.kz/catalog/shtucer-stalnoy,категория
https://metpromintex.kz/catalog/sgony-dlya-trub,категория
https://metpromintex.kz/catalog/fasonnyy-prokat,категория
https://metpromintex.kz/catalog/sigma-profil,категория
https://metpromintex.kz/catalog/profil-mayachkovyyy,категория
https://metpromintex.kz/catalog/mayachkovyi-profil-dlya-styazhki-pola,категория
https://metpromintex.kz/catalog/profil-dlya-zabora,категория
https://metpromintex.kz/catalog/profil-dlya-gipsokartona,категория
https://metpromintex.kz/catalog/profil-dlya-plitkii,категория
https://metpromintex.kz/catalog/metallicheskiy-profil-dlya-obreshetki,категория
https://metpromintex.kz/catalog/profil-dlya-obvyazki-fundamenta,категория
https://metpromintex.kz/catalog/profil-dlya-shtukaturki,категория
https://metpromintex.kz/catalog/fasadnyy-profil,категория
https://metpromintex.kz/catalog/sh-obraznyi-profill,категория
https://metpromintex.kz/catalog/profil-sh-obraznyy-dlya-razdvizhnyh-stekol,категория
https://metpromintex.kz/catalog/alyuminievyy-profil-dlya-reklamnyh-konstrukciy,категория
https://metpromintex.kz/catalog/balka-tavr,категория
https://metpromintex.kz/catalog/balka-bu,категория
https://metpromintex.kz/catalog/monorelsovye-balki,категория
https://metpromintex.kz/catalog/tavrovaya-balka,категория
https://metpromintex.kz/catalog/tavr-alyuminievyy,категория
https://metpromintex.kz/catalog/tavr-nerzhaveyuschiy,категория
https://metpromintex.kz/catalog/dvutavrovaya-balka,категория
https://metpromintex.kz/catalog/dvutavrovaya-balka-metallicheskaya,категория
https://metpromintex.kz/catalog/dvutavr-nerzhaveyushchiy,категория
https://metpromintex.kz/catalog/dvutavr-dlya-telfera,категория
https://metpromintex.kz/catalog/metallicheskaya-balka-dlya-perekrytiya,категория
https://metpromintex.kz/catalog/profil,категория
https://metpromintex.kz/catalog/alyuminievyy-profil,категория
https://metpromintex.kz/catalog/gnutyy-profil-metallicheskiy,категория
https://metpromintex.kz/catalog/montazhnyy-profil,категория
https://metpromintex.kz/catalog/latunnyy-profil,категория
https://metpromintex.kz/catalog/mednyy-profil,категория
https://metpromintex.kz/catalog/shpunt-larsena,категория
https://metpromintex.kz/catalog/ugolok,категория
https://metpromintex.kz/catalog/stalnoi-ugolok-dlya-peremychekk,категория
https://metpromintex.kz/catalog/vertikalnyy-zazemlitell,категория
https://metpromintex.kz/catalog/metallicheskiy-ugolok-dlya-kosourov,категория
https://metpromintex.kz/catalog/ugolok-stekloplastikovyy,категория
https://metpromintex.kz/catalog/ugolok-alyuminievyy,категория
https://metpromintex.kz/catalog/ugolok-goryachekatanyy-stalnoy,категория
https://metpromintex.kz/catalog/ugolok-nerzhaveyushchiy,категория
https://metpromintex.kz/catalog/latunnyy-ugolok,категория
https://metpromintex.kz/catalog/metallicheskiy-ugolok-bu,категория
https://metpromintex.kz/catalog/ugolok-titanovyi,категория
https://metpromintex.kz/catalog/ugolok-holodnokatanyy,категория
https://metpromintex.kz/catalog/shveller,категория
https://metpromintex.kz/catalog/shveller-dlya-pandusa,категория
https://metpromintex.kz/catalog/shveller-dlya-dvernogo-proema,категория
https://metpromintex.kz/catalog/shveller-dlya-kolonn,категория
https://metpromintex.kz/catalog/shveller-dlya-otkatnykh-vorot,категория
https://metpromintex.kz/catalog/shveller-dlya-vintovyh-svay,категория
https://metpromintex.kz/catalog/profil-dlya-svetodiodnoy-lenty,категория
https://metpromintex.kz/catalog/shveller-dlya-perekrytii,категория
https://metpromintex.kz/catalog/shveller-dlya-zabora,категория
https://metpromintex.kz/catalog/kosoury-dlya-lestnic-iz-metalla,категория
https://metpromintex.kz/catalog/shveller-alyuminievyy,категория
https://metpromintex.kz/catalog/shveller-bu,категория
https://metpromintex.kz/catalog/shveller-gnutyy-holodnokatanyy,категория
https://metpromintex.kz/catalog/shveller-goryachekatanyy,категория
https://metpromintex.kz/catalog/shveller-nerzhaveyushchiy,категория
https://metpromintex.kz/catalog/folga,категория
https://metpromintex.kz/catalog/svincovaya-folga,категория
https://metpromintex.kz/catalog/volframovaya-folga,категория
https://metpromintex.kz/catalog/latunnaya-folga,категория
https://metpromintex.kz/catalog/monelevaya-folga,категория
https://metpromintex.kz/catalog/niobievaya-folga,категория
https://metpromintex.kz/catalog/nihromovaya-folga,категория
https://metpromintex.kz/catalog/folga-tantalovaya,категория
https://metpromintex.kz/catalog/titanovaya-folga,категория
https://metpromintex.kz/catalog/folga-bronzovaya,категория
https://metpromintex.kz/catalog/folga-molibdenovaya,категория
https://metpromintex.kz/catalog/folga-nerzhaveyushchaya,категория
https://metpromintex.kz/catalog/nikelevaya-folga,категория
https://metpromintex.kz/catalog/folga-fehralevaya,категория
https://metpromintex.kz/catalog/cirkonievaya-folga,категория
https://metpromintex.kz/catalog/folga-vanadievaya,категория
https://metpromintex.kz/catalog/folga-mednaya,категория
https://metpromintex.kz/catalog/mednaya-folga-dlya-pechatnyh-plat,категория
https://metpromintex.kz/catalog/folgoizol,категория
https://metpromintex.kz/catalog/folga-alyuminievaya,категория
https://metpromintex.kz/catalog/folgirovannyy-uteplitel,категория
https://metpromintex.kz/catalog/folga-alyuminievaya-pischevaya,категория
https://metpromintex.kz/catalog/folga-alyuminievaya-dlya-proizvodstva-upakovochnykh-materialov,категория
https://metpromintex.kz/catalog/metally-i-splavy,категория
https://metpromintex.kz/catalog/affinirovannye-metallyy,категория
https://metpromintex.kz/catalog/tehnicheskoe-zoloto,категория
https://metpromintex.kz/catalog/platina,категория
https://metpromintex.kz/catalog/serebro,категория
https://metpromintex.kz/catalog/drugie-splavy,категория
https://metpromintex.kz/catalog/ligatura,категория
https://metpromintex.kz/catalog/nitinol,категория
https://metpromintex.kz/catalog/permalloy,категория
https://metpromintex.kz/catalog/renievye-splavy,категория
https://metpromintex.kz/catalog/splav-volfram-nikel-zhelezo,категория
https://metpromintex.kz/catalog/splav-volfram-nikel-med,категория
https://metpromintex.kz/catalog/ferrosplavy,категория
https://metpromintex.kz/catalog/medno-nikelevyy-splav,категория
https://metpromintex.kz/catalog/alyumel,категория
https://metpromintex.kz/catalog/konstantan,категория
https://metpromintex.kz/catalog/kopel,категория
https://metpromintex.kz/catalog/kunial,категория
https://metpromintex.kz/catalog/manganin,категория
https://metpromintex.kz/catalog/melhior,категория
https://metpromintex.kz/catalog/monel,категория
https://metpromintex.kz/catalog/neyzilber,категория
https://metpromintex.kz/catalog/hromel,категория
https://metpromintex.kz/catalog/metallurgicheskoe-syree,категория
https://metpromintex.kz/catalog/berilliy,категория
https://metpromintex.kz/catalog/vanadiy,категория
https://metpromintex.kz/catalog/vismut,категория
https://metpromintex.kz/catalog/gafniy,категория
https://metpromintex.kz/catalog/germaniy,категория
https://metpromintex.kz/catalog/stalnaya-drob,категория
https://metpromintex.kz/catalog/evropiy,категория
https://metpromintex.kz/catalog/indiy,категория
https://metpromintex.kz/catalog/inkonel,категория
https://metpromintex.kz/catalog/ittriy-metallicheskiy,категория
https://metpromintex.kz/catalog/kadmiy,категория
https://metpromintex.kz/catalog/kobalt,категория
https://metpromintex.kz/catalog/kremniy,категория
https://metpromintex.kz/catalog/lantan,категория
https://metpromintex.kz/catalog/magniy,категория
https://metpromintex.kz/catalog/marganec-metallicheskiy,категория
https://metpromintex.kz/catalog/metallicheskiy-hrom,категория
https://metpromintex.kz/catalog/molibden,категория
https://metpromintex.kz/catalog/nikel,категория
https://metpromintex.kz/catalog/niobiy,категория
https://metpromintex.kz/catalog/rafinirovannyi-svinetc,категория
https://metpromintex.kz/catalog/reniy,категория
https://metpromintex.kz/catalog/selen,категория
https://metpromintex.kz/catalog/surma,категория
https://metpromintex.kz/catalog/metall-tantal,категория
https://metpromintex.kz/catalog/cink,категория
https://metpromintex.kz/catalog/metallicheskiy-cirkoniy,категория
https://metpromintex.kz/catalog/otlivka,категория
https://metpromintex.kz/catalog/mednye-otlivki,категория
https://metpromintex.kz/catalog/otlivka-iz-bronzy,категория
https://metpromintex.kz/catalog/otlivka-chugunnaya,категория
https://metpromintex.kz/catalog/pripoy,категория
https://metpromintex.kz/catalog/gutri,категория
https://metpromintex.kz/catalog/pripoy-dlya-payki,категория
https://metpromintex.kz/catalog/splav-nyutona,категория
https://metpromintex.kz/catalog/flyus-dlya-payki,категория
https://metpromintex.kz/catalog/splav-cam,категория
https://metpromintex.kz/catalog/splav-devarda,категория
https://metpromintex.kz/catalog/silumin,категория
https://metpromintex.kz/catalog/splav-vuda,категория
https://metpromintex.kz/catalog/splav-roze,категория
https://metpromintex.kz/catalog/fehral,категория
https://metpromintex.kz/catalog/chushka-metallicheskaya,категория
https://metpromintex.kz/catalog/babbit-v-chushkah,категория
https://metpromintex.kz/catalog/zagotovka-nerzhaveyushchaya,категория
https://metpromintex.kz/catalog/chushka-latunnaya,категория
https://metpromintex.kz/catalog/mednaya-chushka,категория
https://metpromintex.kz/catalog/olovo-v-chushkah,категория
https://metpromintex.kz/catalog/chushka-svincovaya,категория
https://metpromintex.kz/catalog/chushka-titanovaya,категория
https://metpromintex.kz/catalog/cinkovaya-chushka,категория
https://metpromintex.kz/catalog/chushka-alyuminievaya,категория
https://metpromintex.kz/catalog/bronzovaya-chushka,категория
https://metpromintex.kz/catalog/chushka-vismut,категория
https://metpromintex.kz/catalog/chushka-chugunnaya,категория
https://metpromintex.kz/catalog/chushka-surma,категория
https://metpromintex.kz/catalog/polimernye-sterzhni,категория
https://metpromintex.kz/catalog/ebonitovyy-sterzhen,категория
https://metpromintex.kz/catalog/abs-plastik,категория
https://metpromintex.kz/catalog/kaprolon-sterzhnevoy,категория
https://metpromintex.kz/catalog/poliacetal-sterzhen,категория
https://metpromintex.kz/catalog/polikarbonat-sterzhen,категория
https://metpromintex.kz/catalog/poliuretanovyy-sterzhen,категория
https://metpromintex.kz/catalog/plastikovyy-sterzhen,категория
https://metpromintex.kz/catalog/ftoroplast-sterzhen,категория
https://metpromintex.kz/catalog/elektrody,категория
https://metpromintex.kz/catalog/elektrody-dlya-svarki-uglerodistyh-i-nizkolegirovannyh-staley,категория
https://metpromintex.kz/catalog/elektrody-dlya-podvodnoi-svarki,категория
https://metpromintex.kz/catalog/elektrody-dlya-svarki-armatury,категория
https://metpromintex.kz/catalog/elektrody-po-chugunu,категория
https://metpromintex.kz/catalog/elektrody-dlya-naplavki,категория
https://metpromintex.kz/catalog/elektrody-po-alyuminiyu,категория
https://metpromintex.kz/catalog/elektrody-po-nerzhaveyke,категория
https://metpromintex.kz/catalog/elektrody-uoni,категория
https://metpromintex.kz/catalog/elektroizolyatsionnye-materialy,категория
https://metpromintex.kz/catalog/getinaks-list,категория
https://metpromintex.kz/catalog/lakotkan-elektroizolyacionnaya,категория
https://metpromintex.kz/catalog/mikanit-listovoy,категория
https://metpromintex.kz/catalog/steklovolokno,категория
https://metpromintex.kz/catalog/steklotekstolit-listovoy,категория
https://metpromintex.kz/catalog/steklotekstolit-sterzhen,категория
https://metpromintex.kz/catalog/steklotkan,категория
https://metpromintex.kz/catalog/sterzhen-tekstolitovyy,категория
https://metpromintex.kz/catalog/tekstolit-listovoy,категория
https://metpromintex.kz/catalog/truba-getinaks,категория
https://metpromintex.kz/catalog/izolenta,категория
https://metpromintex.kz/catalog/trubka-elektroizolyatsionnaya,категория
https://metpromintex.kz/catalog/elektrokarton,категория
