url,city,country
https://metpromintex.ru/,Москва,Россия
https://spb.metpromintex.ru/,Санкт-Петербург,Россия
https://nsk.metpromintex.ru/,Новосибирск,Россия
https://ekb.metpromintex.ru/,Екатеринбург,Россия
https://kazan.metpromintex.ru/,Казань,Россия
https://krasnoyarsk.metpromintex.ru/,Красноярск,Россия
https://nn.metpromintex.ru/,Нижний Новгород,Россия
https://chelyabinsk.metpromintex.ru/,Челябинск,Россия
https://ufa.metpromintex.ru/,Уфа,Россия
https://samara.metpromintex.ru/,Самара,Россия
https://rostov.metpromintex.ru/,Ростов-на-Дону,Россия
https://krasnodar.metpromintex.ru/,Краснодар,Россия
https://omsk.metpromintex.ru/,Омск,Россия
https://voronezh.metpromintex.ru/,Воронеж,Россия
https://perm.metpromintex.ru/,Пермь,Россия
https://volgograd.metpromintex.ru/,Волгоград,Россия
https://saratov.metpromintex.ru/,Саратов,Россия
https://tumen.metpromintex.ru/,Тюмень,Россия
https://tolyatti.metpromintex.ru/,Тольятти,Россия
https://barnaul.metpromintex.ru/,Барнаул,Россия
https://izhevsk.metpromintex.ru/,Ижевск,Россия
https://habarovsk.metpromintex.ru/,Хабаровск,Россия
https://ulyanovsk.metpromintex.ru/,Ульяновск,Россия
https://irkutsk.metpromintex.ru/,Иркутск,Россия
https://vladivostok.metpromintex.ru/,Владивосток,Россия
https://yaroslavl.metpromintex.ru/,Ярославль,Россия
https://stavropol.metpromintex.ru/,Ставрополь,Россия
https://kemerovo.metpromintex.ru/,Кемерово,Россия
https://tomsk.metpromintex.ru/,Томск,Россия
https://chelny.metpromintex.ru/,Набережные Челны,Россия
https://orenburg.metpromintex.ru/,Оренбург,Россия
https://novokuznetsk.metpromintex.ru/,Новокузнецк,Россия
https://ryazan.metpromintex.ru/,Рязань,Россия
https://cheboksary.metpromintex.ru/,Чебоксары,Россия
https://kaliningrad.metpromintex.ru/,Калининград,Россия
https://penza.metpromintex.ru/,Пенза,Россия
https://kirov.metpromintex.ru/,Киров,Россия
https://tula.metpromintex.ru/,Тула,Россия
https://sochi.metpromintex.ru/,Сочи,Россия
https://surgut.metpromintex.ru/,Сургут,Россия
https://novorossiysk.metpromintex.ru/,Новороссийск,Россия
https://kherson.metpromintex.ru/,Херсон,Россия
https://mariupol.metpromintex.ru/,Мариуполь,Россия
https://melitopol.metpromintex.ru/,Мелитополь,Россия
https://metpromintex-astana.kz/,Астана,Казахстан
https://metpromintex.kz/,Алматы,Казахстан
https://metpromintex-shymkent.kz/,Шымкент,Казахстан
https://metpromintex-aktobe.kz/,Актобе,Казахстан
https://metpromintex-karaganda.kz/,Караганда,Казахстан
https://metpromintex-taraz.kz/,Тараз,Казахстан
https://metpromintex-ust-kamenogorsk.kz/,Усть-Каменогорск,Казахстан
https://metpromintex-pavlodar.kz/,Павлодар,Казахстан
https://metpromintex-atyrau.kz/,Атырау,Казахстан
https://metpromintex-semei.kz/,Семей,Казахстан
https://metpromintex-kyzylorda.kz/,Кызылорда,Казахстан
https://metpromintex-aktau.kz/,Актау,Казахстан
https://metpromintex-kostanay.kz/,Костанай,Казахстан
https://metpromintex-uralsk.kz/,Уральск,Казахстан
https://metpromintex-petropavlovsk.kz/,Петропавловск,Казахстан
https://metpromintex.by/,Минск,Беларусь
https://metpromintex.kg/,Бишкек,Киргизия
https://metpromintex.uz/,Ташкент,Узбекистан
https://metpromintex.az/,Баку,Азербайджан
