domain,city,phone_seo,phone_ad,phone_common,all_phones,email,address,country,telegram,whatsapp,yandex_map_url,twogis_map_url,google_map_url
met-trans.az,Баку,,,994 (12) 311-01-26,123110126,info@met-trans.az,"Yasamal distr., Suleyman Dadashov street, house 25, apt.17",Азербайджан,994 (50) 429-55-62,994 (50) 429-55-62,https://yandex.ru/maps/org/mettransterminal/114820744786/?ll=49.828588%2C40.418009&z=17,https://2gis.az/baku/firm/70000001115000708?m=49.831803%2C40.373286%2F16,https://goo.gl/maps/3CUzpDexbY28HGUB9
met-trans.am,Ереван,,,37 (443) 154598,43154598,info@met-trans.am,"ул. Атояна, д. 107",Армения,(962) 766-80-86,(962) 766-80-86,https://yandex.ru/maps/org/mettransterminal/174762196235/?ll=44.518017%2C40.142967&z=17,https://2gis.am/yerevan/firm/70000001114993714?m=44.518031%2C40.142998%2F16,https://goo.gl/maps/Ycwi1pJ6yrabKKSg8
brest.met-trans.by,Брест,,,375 (44) 504-58-88,445045888,brest@met-trans.by,"ул. Пионерская, д. 52",Беларусь,375 44 533-55-18,375 44 533-55-18,https://yandex.ru/maps/org/mettransterminal/223881258203/?ll=23.730983%2C52.097345&z=16,,
vitebsk.met-trans.by,Витебск,,,375 (44) 504-38-88,445043888,vitebsk@met-trans.by,"пр. Фрунзе, д. 81к1",Беларусь,375 44 533-55-18,375 44 533-55-18,https://yandex.ru/maps/org/mettransterminal/98243244907/?ll=30.257756%2C55.195956&z=16,,
gomel.met-trans.by,Гомель,,,375 (44) 509-68-88,445096888,gomel@met-trans.by,"пр. Ленина, д. 10",Беларусь,375 44 533-55-18,375 44 533-55-18,https://yandex.ru/maps/org/mettransterminal/245156347690/?ll=31.008199%2C52.425111&z=16,,
grodno.met-trans.by,Гродно,,,375 (29) 333-32-88,293333288,grodno@met-trans.by,"ул. Гаспадарчая, д. 19",Беларусь,375 44 533-55-18,375 44 533-55-18,https://yandex.ru/maps/org/mettransterminal/153573154755/?ll=23.825558%2C53.710601&z=16,,
met-trans.by,Минск,,,375 (44) 533-55-18,445335518,minsk@met-trans.by,"Проспект Партизанский 79, Бизнец-Центр Prizma",Беларусь,375 44 533-55-18,375 44 533-55-18,https://yandex.ru/maps/org/mettransterminal/5954729665/?ll=27.572404%2C53.891687&z=14,https://2gis.by/minsk/search/%D0%9C%D0%B5%D1%82%D1%82%D1%80%D0%B0%D0%BD%D1%81%D1%82%D0%B5%D1%80%D0%BC%D0%B8%D0%BD%D0%B0%D0%BB/firm/70000001113487141/27.626415%2C53.876723?m=27.561038%2C53.903234%2F10.62,google.com/maps/place/МетТрансТерминал/data=!4m2!3m1!1s0x0:0xa519101d7a269c8?sa=X&ved=1t:2428&hl=ru&ictx=111
mogilev.met-trans.by,Могилев,,,375 (29) 300-38-88,293003888,mogilev@met-trans.by,"ул. Королёва, 8",Беларусь,375 44 533-55-18,375 44 533-55-18,https://yandex.ru/maps/org/mettransterminal/221719814769/?ll=30.366120%2C53.906559&z=16,,
aktau.mtt.kz,Актау,,,(708) 731-48-06,7087314806,aktau@mtt.kz,"микрорайон 29А, 43/9",Казахстан,(700) 697-15-96,(700) 697-15-96,https://yandex.ru/maps/org/mettransterminal/23362682397/?ll=51.177265%2C43.666930&z=16,https://2gis.kz/aktau/firm/70000001044726377,
aktobe.mtt.kz,Актобе,,,(7132) 73-99-89,7132739989,aktobe@mtt.kz,"ул. Зинченко, д. 185",Казахстан,(700) 697-15-96,(700) 697-15-96,https://yandex.ru/maps/org/mettransterminal/205598332187/?ll=57.239887%2C50.250747&z=16,https://2gis.kz/aktobe/firm/70000001045092381,
mettransterminal.kz,Алматы,,,(727) 317-28-68,7273172868,almaty@mtt.kz,"пр. Сакена Сейфуллина 498, оф. 407",Казахстан,(708) 987-98-05,(708) 987-98-05,https://yandex.ru/maps/org/mettransterminal/37432830532/?indoorLevel=1&ll=76.933742%2C43.251512&z=17,https://2gis.kz/almaty/firm/70000001025927899,
atyrau.mtt.kz,Атырау,,,(7122) 75-54-86,7122755486,atyrau@mtt.kz,"ул. Куттыгай батыра, д. 7",Казахстан,(700) 697-15-96,(700) 697-15-96,https://yandex.ru/maps/org/mettransterminal/153381632395/?ll=51.966614%2C47.112368&z=16,,
mtt-karaganda.kz,Караганда,,,(7212) 97-45-77,7212974577,karaganda@mtt.kz,"ул. Складская, 1, оф. 102",Казахстан,(700) 697-15-96,(700) 697-15-96,https://yandex.ru/maps/org/mettransterminal/1168950850/?ll=73.120932%2C49.810946&z=16,https://2gis.kz/karaganda/firm/70000001025969314,
kostanay.mtt.kz,Костанай,,,(708) 731-48-08,7087314808,kostanay@mtt.kz,"ул. Базовая, д. 1",Казахстан,(700) 697-15-96,(700) 697-15-96,https://yandex.ru/maps/org/mettransterminal/44952259233/?ll=63.602780%2C53.165117&z=16,https://2gis.kz/kostanay/firm/70000001044787709,
kyzylorda.mtt.kz,Кызылорда,,,(7242) 92-50-00,7242925000,kyzylorda@mtt.kz,"ул. Жаппаспай батыра, д. 137Е",Казахстан,(700) 697-15-96,(700) 697-15-96,https://yandex.ru/maps/org/mettransterminal/15644956031/?ll=65.537688%2C44.845944&z=16,,
ns.mtt.kz,Нур-Султан (Астана),,,(7172) 62-88-58,7172628858,astana@mtt.kz,"ул. Сыганак, д. 60/4, блок Y, оф. 405-406",Казахстан,(700) 697-15-96,(700) 697-15-96,https://yandex.ru/maps/org/mettransterminal/244574704853/?ll=71.421850%2C51.123747&z=16,https://2gis.kz/nur_sultan/firm/70000001018121322,"https://www.google.com/maps/place/%D0%9C%D0%B5%D1%82%D0%A2%D1%80%D0%B0%D0%BD%D1%81%D0%A2%D0%B5%D1%80%D0%BC%D0%B8%D0%BD%D0%B0%D0%BB/@51.1576483,71.455897,17.08z/data=!4m6!3m5!1s0x42458138a2efffff:0x332179dd568b6185!8m2!3d51.1564433!4d71.458563!16s%2Fg%2F1ptvx0_v3?entry=ttu"
pavlodar.mtt.kz,Павлодар,,,(7182) 78-22-38,7182782238,pavlodar@mtt.kz,"ул. Торговая, д. 7А",Казахстан,(700) 697-15-96,(700) 697-15-96,https://yandex.ru/maps/org/mettransterminal/28148056444/?ll=76.943085%2C52.307586&z=16,https://2gis.kz/pavlodar/firm/70000001045088749,
petropavl.mtt.kz,Петропавловск,,,(708) 731-48-08,7087314808,petropavl@mtt.kz,"ул. Ярослава Гашека, д. 18",Казахстан,(700) 697-15-96,(700) 697-15-96,https://yandex.ru/maps/org/mettransterminal/169958413737/?ll=69.150182%2C54.897422&z=16,https://2gis.kz/petropavlovsk/firm/70000001045092710,
semey.mtt.kz,Семей,,,(708) 731-48-06,7087314806,semey@mtt.kz,"ул. Красина, д. 76А",Казахстан,(700) 697-15-96,(700) 697-15-96,https://yandex.ru/maps/org/mettransterminal/48431064244/?ll=79.510178%2C49.220905&z=7.8,,
taraz.mtt.kz,Тараз,,,(7262) 97-00-15,7262970015,taraz@mtt.kz,"ул. Мамбет Батыра, д. 1А",Казахстан,(700) 697-15-96,(700) 697-15-96,https://yandex.ru/maps/org/mettransterminal/51705253283/?ll=71.412481%2C42.918035&z=16,,
uralsk.mtt.kz,Уральск,,,(708) 731-48-06,7087314806,uralsk@mtt.kz,"ул. Шолохова, 2/2",Казахстан,(700) 697-15-96,(700) 697-15-96,https://yandex.ru/maps/org/mettransterminal/15036315786/?display-text=%D0%BC%D0%B5%D1%82%D1%82%D1%80%D0%B0%D0%BD%D1%81%D1%82%D0%B5%D1%80%D0%BC%D0%B8%D0%BD%D0%B0%D0%BB&ll=51.368722%2C51.241474&mode=search&sctx=ZAAAAAgBEAAaKAoSCcU6Vb5ntElAEeT2yycrnklAEhIJIy9rYoGv2z8R6zU9KChFxT8iBgABAgMEBSgKOABAwVBIAWoCa3qdAc3MTD2gAQCoAQC9Ae9l9mvCAQWK8e%2BBOOoBAPIBAPgBAIICINC80LXRgtGC0YDQsNC90YHRgtC10YDQvNC40L3QsNC7igIAkgIAmgIMZGVza3RvcC1tYXBz&sll=51.368722%2C51.241474&sspn=0.015407%2C0.005327&text=%D0%BC%D0%B5%D1%82%D1%82%D1%80%D0%B0%D0%BD%D1%81%D1%82%D0%B5%D1%80%D0%BC%D0%B8%D0%BD%D0%B0%D0%BB&utm_source=share&z=17,https://2gis.kz/uralsk/firm/70000001025960894,
ustkamen.mtt.kz,Усть-Каменогорск,,,(7232) 91-02-89,7232910289,ustkamen@mtt.kz,"ул. Бажова, 52/2",Казахстан,(700) 697-15-96,(700) 697-15-96,https://yandex.ru/maps/org/mettransterminal/139721808162/?ll=82.603989%2C49.977375&z=16,https://2gis.kz/ustkam/firm/70000001045089818,
mtt-shymkent.kz,Шымкент,,,(7252) 61-22-82,7252612282,shimkent@mtt.kz,"ул. Байтурсынова, д. 18",Казахстан,(708) 987-98-05,(708) 987-98-05,https://yandex.ru/maps/org/mettransterminal/9658630175/?display-text=%D0%BC%D0%B5%D1%82%D1%82%D1%80%D0%B0%D0%BD%D1%81%D1%82%D0%B5%D1%80%D0%BC%D0%B8%D0%BD%D0%B0%D0%BB&ll=69.594411%2C42.325022&mode=search&sctx=ZAAAAAgBEAAaKAoSCciyYOKPZVFAEQ%2B3Q8NiKEVAEhIJIy9rYoGv2z8R9l0R%2FG8lyT8iBgABAgMEBSgKOABA3QFIAWoCa3qdAc3MTD2gAQCoAQC9Ae9l9mvCAQWfgMz9I%2BoBAPIBAPgBAIICINC80LXRgtGC0YDQsNC90YHRgtC10YDQvNC40L3QsNC7igIAkgIAmgIMZGVza3RvcC1tYXBz&sll=69.594411%2C42.325022&sspn=0.022871%2C0.009349&text=%D0%BC%D0%B5%D1%82%D1%82%D1%80%D0%B0%D0%BD%D1%81%D1%82%D0%B5%D1%80%D0%BC%D0%B8%D0%BD%D0%B0%D0%BB&utm_source=share&z=16.43,https://2gis.kz/shymkent/firm/70000001045090869,
mtt.kg,Бишкек,,,(996) 312-97-96-78,312979678,info@mtt.kg,"ул. Максима Горького, д. 108, офис 30а",Киргизия,996-779-89-32-58,996-779-89-32-58,https://yandex.ru/maps/org/mettransterminal/141853309650/?ll=74.612432%2C42.856555&z=17.05,https://2gis.kg/bishkek/firm/70000001067684501,https://goo.gl/maps/Aobs2wAkHdiA5FT96
osh.mtt.kg,Ош,,,(996) 312-97-96-78,312979678,osh@mtt.kg,"ул. Мырзалы Аматова, 1Б",Киргизия,996-779-89-32-58,996-779-89-32-58,https://yandex.ru/maps/org/mettransterminal/99552509829/?ll=72.802759%2C40.519197&z=17.05,https://2gis.kg/osh/firm/70000001077461073?m=72.802921%2C40.519355%2F16,https://goo.gl/maps/cW8StjV1qr2MxbZv7
abakan.met-trans.ru,Абакан,,,(800) 700-35-86,8007003586,abakan@met-trans.ru,"ул. Складская, д. 9Б",Россия,(962) 829-87-48,(962) 829-87-48,https://yandex.ru/profile/115536416653,https://2gis.ru/abakan/firm/70000001079009341,
arhangelsk.met-trans.ru,Архангельск,,,(8182) 46-08-86,8182460886,arhangelsk@met-trans.ru,"Талажское шоссе, д. 45",Россия,(960) 283-58-33,(960) 283-58-33,https://yandex.ru/profile/131828004620,,
astrahan.met-trans.ru,Астрахань,,,(800) 700-36-68,8007003668,astrahan@met-trans.ru,"ул. Рождественского, д. 5",Россия,(962) 766-80-86,(962) 766-80-86,https://yandex.ru/profile/216474811195,https://2gis.ru/astrakhan/firm/70000001044686938,
barnaul.met-trans.ru,Барнаул,,,(3852) 25-03-68,3852250368,barnaul@met-trans.ru,"ул. Солнечная Поляна, д. 22",Россия,(962) 829-87-48,(962) 829-87-48,https://yandex.ru/maps/org/mettransterminal/80552352810/?ll=83.662581%2C53.374256&z=16,https://2gis.ru/barnaul/firm/70000001031110784,https://maps.app.goo.gl/cpuVYBmyoPm8s7HY6
belgorod.met-trans.ru,Белгород,,,(800) 700-36-68,8007003668,belgorod@met-trans.ru,"ул. Коммунальная, д. 18к1",Россия,(967) 862-03-58,(967) 862-03-58,https://yandex.ru/profile/25082191580,https://2gis.ru/belgorod/firm/70000001079602992,
blagovechensk.met-trans.ru,Благовещенск,,,(800) 700-62-38,8007006238,blagovechensk@met-trans.ru,"ул. Чайковского, д. 209В/1",Россия,(902) 409-26-58,(902) 409-26-58,https://yandex.ru/profile/42734223143,https://2gis.ru/blagoveshensk/firm/70000001079602831,
bryansk.met-trans.ru,Брянск,,,(800) 700-36-68,8007003668,bryansk@met-trans.ru,"ул. Литейная, д. 15",Россия,(967) 862-03-58,(967) 862-03-58,https://yandex.ru/profile/234005787211,https://2gis.ru/bryansk/firm/70000001080140064,
novgorod.met-trans.ru,Великий Новгород,,,(8162) 68-64-07,8162686407,novgorod@met-trans.ru,"ул. Великая, д. 18, оф. 19",Россия,(960) 283-58-33,(960) 283-58-33,https://yandex.ru/maps/org/mettransterminal/48394782077/?ll=31.276185%2C58.539818&z=16,https://2gis.ru/v_novgorod/firm/70000001044687001,
vladivostok.met-trans.ru,Владивосток,,,(423) 292-34-86,4232923486,vladivostok@met-trans.ru,"ул. Калинина, д. 42, оф. 316",Россия,(962) 829-87-48,(962) 829-87-48,https://yandex.ru/maps/org/mettransterminal/104963494479/?ll=131.897424%2C43.103294&z=16,https://2gis.ru/vladivostok/firm/70000001036082374,
vladimir.met-trans.ru,Владимир,,,(800) 700-36-68,8007003668,vladimir@met-trans.ru,"ул. Гастелло, д. 8А",Россия,(967) 862-03-58,(967) 862-03-58,https://yandex.ru/profile/239366801586,,
volgograd.met-trans.ru,Волгоград,,,(8442) 60-92-88,8442609288,volgograd@met-trans.ru,"ул. Томская, д. 4А",Россия,(962) 766-80-86,(962) 766-80-86,https://yandex.ru/maps/org/mettransterminal/125679991236/?ll=44.439037%2C48.754377&z=16,https://2gis.ru/volgograd/firm/70000001034853844,
volgodonsk.met-trans.ru,Волгодонск,,,(800) 700-36-68,8007003668,volgodonsk@met-trans.ru,"пер. Вокзальный, д. 19В",Россия,(967) 862-03-58,(967) 862-03-58,https://yandex.ru/profile/114445880380,https://2gis.ru/volgodonsk/firm/70000001080324115,
volzhsky.met-trans.ru,Волжский,,,(800) 700-36-68,8007003668,volzhsky@met-trans.ru,"ул. Горького, д. 45",Россия,(967) 862-03-58,(967) 862-03-58,https://yandex.ru/profile/127438711777,https://2gis.ru/volzhskiy/firm/70000001080325921,
vologda.met-trans.ru,Вологда,,,(800) 700-36-68,8007003668,vologda@met-trans.ru,"ул. Северная, д. 27",Россия,(967) 862-03-58,(967) 862-03-58,https://yandex.ru/profile/41167064210,https://2gis.ru/vologda/firm/70000001080324552,
voronezh.met-trans.ru,Воронеж,,,(473) 228-50-87,4732285087,voronezh@met-trans.ru,"ул. 9 января, д. 211А",Россия,(902) 409-26-58,(902) 409-26-58,https://yandex.ru/maps/org/mettransterminal/191846388273/?ll=39.130740%2C51.678342&z=14,https://2gis.ru/voronezh/firm/70000001034580150,
ekb.met-trans.ru,Екатеринбург,,,(343) 200-55-88,3432005588,ekb@met-trans.ru,"ул. Машиностроителей, д. 19, оф. 599",Россия,(902) 409-26-58,(950) 639-58-88,https://yandex.ru/maps/org/mettransterminal/6060275595/?ll=60.590496%2C56.884754&z=13,https://2gis.ru/ekaterinburg/firm/1267165676440504,https://goo.gl/maps/FwdK59YEwJMi8JKq8
ivanovo.met-trans.ru,Иваново,,,(800) 700-36-68,8007003668,ivanovo@met-trans.ru,"ул. Станкостроителей, д. 3Б",Россия,(967) 862-03-58,(967) 862-03-58,https://yandex.ru/profile/203106970412,https://2gis.ru/ivanovo/firm/70000001080620913,
izhevsk.met-trans.ru,Ижевск,,,(3412) 32-26-80,3412322680,izhevsk@met-trans.ru,"ул. Автозаводская, д. 5А",Россия,(964) 190-27-38,(964) 190-27-38,https://yandex.ru/maps/org/mettransterminal/214417114891/?ll=53.309632%2C56.886263&z=16,https://2gis.ru/izhevsk/firm/70000001034640070,
irkutsk.met-trans.ru,Иркутск,,,(3952) 58-06-88,3952580688,irkutsk@met-trans.ru,"ул. Фридриха Энгельса, д. 8, к. 602-5",Россия,(962) 829-87-48,(962) 829-87-48,https://yandex.ru/maps/org/mettransterminal/161530319827/?ll=104.304250%2C52.284999&z=16,https://2gis.ru/irkutsk/firm/70000001056210367,
ola.met-trans.ru,Йошкар-Ола,,,(800) 700-35-86,8007003586,ola@met-trans.ru,"ул. Строителей, д. 99Б",Россия,(962) 829-87-48,(962) 829-87-48,https://yandex.ru/profile/211104946018,https://2gis.ru/yoshkarola/firm/70000001080552677,
kazan.met-trans.ru,Казань,,,(843) 216-62-56,8432166256,kazan@met-trans.ru,"ул. Аделя Кутуя, д. 157",Россия,(963) 109-82-78,(963) 109-82-78,https://yandex.ru/maps/org/mettransterminal/211961929755/?ll=49.189382%2C55.772710&z=16,https://2gis.ru/kazan/firm/70000001029343961,https://goo.gl/maps/2RQbnzxMKsuQ8CM27
kaliningrad.met-trans.ru,Калининград,,,(4012) 37-64-98,4012376498,kaliningrad@met-trans.ru,"ул. Сергеева, д. 14, оф. 339",Россия,(960) 283-58-33,(960) 283-58-33,https://yandex.ru/maps/org/mettransterminal/75913535531/?ll=20.518888%2C54.719586&z=14,https://2gis.ru/kaliningrad/firm/70000001034878943,
kaluga.met-trans.ru,Калуга,,,(800) 700-36-68,8007003668,kaluga@met-trans.ru,"ул. Московская, д. 304",Россия,(967) 862-03-58,(967) 862-03-58,https://yandex.ru/profile/63746170688,https://2gis.ru/kaluga/firm/70000001081093619,
kemerovo.met-trans.ru,Кемерово,,,(3842) 49-20-68,3842492068,kemerovo@met-trans.ru,"пр-кт Кузнецкий, д. 17, оф. 309/1",Россия,(962) 829-87-48,(962) 829-87-48,https://yandex.ru/maps/org/mettransterminal/237650514394/?ll=86.070076%2C55.361810&z=16,https://2gis.ru/kemerovo/firm/70000001034791871,
kirov.met-trans.ru,Киров,,,(8332) 74-62-68,8332746268,kirov@met-trans.ru,"ул. Производственная, д. 35",Россия,(963) 109-82-78,(963) 109-82-78,https://yandex.ru/maps/org/mettransterminal/135748874625/?ll=49.608895%2C58.566472&z=13,https://2gis.ru/kirov/firm/70000001044687100,
kostroma.met-trans.ru,Кострома,,,(800) 700-36-68,8007003668,kostroma@met-trans.ru,"ул. Зеленая, д. 1",Россия,(967) 862-03-58,(967) 862-03-58,https://yandex.ru/profile/223031464236,https://2gis.ru/kostroma/firm/70000001081093611,
krasnodar.met-trans.ru,Краснодар,,,(861) 944-60-08,8619446008,krasnodar@met-trans.ru,"ул. им. Мачуги В.Н., д. 86, помещение 1118",Россия,(962) 766-80-86,(962) 766-80-86,https://yandex.ru/maps/org/mettransterminal/143275541081/?ll=39.085564%2C45.013829&z=17,https://2gis.ru/krasnodar/firm/70000001033691200,"https://www.google.com/maps/place/%D0%9C%D0%B5%D1%82%D0%A2%D1%80%D0%B0%D0%BD%D1%81%D0%A2%D0%B5%D1%80%D0%BC%D0%B8%D0%BD%D0%B0%D0%BB/@45.0406815,39.0862918,17z/data=!4m6!3m5!1s0x40f0510dbafe7f1b:0x9b377e98139bf605!8m2!3d45.0408482!4d39.0869598!16s%2Fg%2F11gh_96qbg?entry=ttu"
krasnoyarsk.met-trans.ru,Красноярск,,,(391) 272-82-85,3912728285,krasnoyarsk@met-trans.ru,"ул. 78-й Добровольческой Бригады, д. 14А",Россия,(962) 829-87-48,(962) 829-87-48,https://yandex.ru/maps/org/mettransterminal/118420258709/?ll=92.910621%2C56.043372&z=16,,"https://www.google.com/maps/place/%D0%9C%D0%95%D0%A2%D0%A2%D0%A0%D0%90%D0%9D%D0%A1%D0%A2%D0%95%D0%A0%D0%9C%D0%98%D0%9D%D0%90%D0%9B,+%D0%B3%D1%80%D1%83%D0%BF%D0%BF%D0%B0+%D0%BA%D0%BE%D0%BC%D0%BF%D0%B0%D0%BD%D0%B8%D0%B9/@55.9848317,92.9365065,18.29z/data=!4m6!3m5!1s0x5cd7b00479428a41:0x49f817aea492dfaa!8m2!3d55.9841959!4d92.9379477!16s%2Fg%2F11r7nmb9_b?entry=ttu"
kurgan.met-trans.ru,Курган,,,(3522) 22-91-52,3522229152,kurgan@met-trans.ru,"ул. Дзержинского, д. 57Б",Россия,(902) 409-26-58,(902) 409-26-58,https://yandex.ru/maps/org/mettransterminal/59504814224/?ll=65.360243%2C55.463554&z=16,https://2gis.ru/kurgan/firm/70000001044687159,
kursk.met-trans.ru,Курск,,,(800) 700-36-68,8007003668,kursk@met-trans.ru,улица Энгельса д. 109,Россия,(967) 862-03-58,(967) 862-03-58,https://yandex.ru/profile/168095479814,https://2gis.ru/kursk/firm/70000001081266309,
lipetsk.met-trans.ru,Липецк,,,(4742) 90-26-98,4742902698,lipetsk@met-trans.ru,"ул. Юношеская, д. 50, оф. 2.5",Россия,(902) 409-26-58,(902) 409-26-58,https://yandex.ru/profile/154703109450,https://2gis.ru/lipetsk/firm/70000001044687247,
magnitogorsk.met-trans.ru,Магнитогорск,,,(3519) 45-02-26,3519450226,magnitogorsk@met-trans.ru,"ул. Вокзальная, д. 1",Россия,(967) 862-03-58,(967) 862-03-58,https://yandex.ru/maps/org/mettransterminal/194214804188/?ll=58.941223%2C53.434928&z=16,https://2gis.ru/magnitogorsk/firm/70000001048216506,
mahachkala.met-trans.ru,Махачкала,,,8 (8722) 52-29-08,8722522908,mahachkala@met-trans.ru,"ул. Абубакарова, д. 115А, оф. 408",Россия,(962) 766-80-86,(962) 766-80-86,https://yandex.ru/maps/org/mettransterminal/117761612915/?ll=47.490094%2C42.968192&z=16,,
met-trans.ru,Москва,,,(495) 755-38-26,4957553826,moscow@met-trans.ru,"Рязанский пр., д. 3Б",Россия,(903) 728-63-85,(903) 728-63-85,https://yandex.ru/maps/org/mettransterminal/1399197864/?ll=37.760070%2C55.725313&z=16,https://2gis.ru/moscow/firm/70000001025260440,"https://www.google.com/maps/place/%D0%9C%D0%B5%D1%82%D0%A2%D1%80%D0%B0%D0%BD%D1%81%D0%A2%D0%B5%D1%80%D0%BC%D0%B8%D0%BD%D0%B0%D0%BB/@55.7252946,37.7576736,17.38z/data=!4m6!3m5!1s0x414ab57228234b49:0x2924362119e28749!8m2!3d55.725219!4d37.760088!16s%2Fg%2F11g19rdjsw?entry=ttu"
murmansk.met-trans.ru,Мурманск,,,(8152) 60-16-88,8152601688,murmansk@met-trans.ru,"ул. Домостроительная, д. 20к1, оф. №3-6",Россия,(960) 283-58-33,(960) 283-58-33,https://yandex.ru/maps/org/mettransterminal/180920859426/?ll=33.143423%2C68.988701&z=16,,
chelny.met-trans.ru,Набережные Челны,,,(8552) 20-03-86,8552200386,chelny@met-trans.ru,"ул. Гидростроителей, д.14, оф. 19",Россия,(963) 109-82-78,(963) 109-82-78,https://yandex.ru/maps/org/mettransterminal/237953279853/?ll=52.296080%2C55.685427&z=16,,
nizhnevartovsk.met-trans.ru,Нижневартовск,,,(3466) 22-00-68,3466220068,nizhnevartovsk@met-trans.ru,"ул. Индустриальная, д. 107с4",Россия,(902) 409-26-58,(902) 409-26-58,https://yandex.ru/maps/org/mettransterminal/128337897312/?ll=76.518299%2C60.960538&z=16,https://2gis.ru/nizhnevartovsk/firm/70000001045748993,"https://www.google.ru/maps/place/%D0%9C%D0%B5%D1%82%D1%82%D1%80%D0%B0%D0%BD%D1%81%D1%82%D0%B5%D1%80%D0%BC%D0%B8%D0%BD%D0%B0%D0%BB/@60.961636,76.5268844,18z/data=!4m6!3m5!1s0x436d3e9469f441b1:0x137ace2514fad9eb!8m2!3d60.9615447!4d76.5285001!16s%2Fg%2F11rylm_6lr?hl=ru&entry=ttu"
nn.met-trans.ru,Нижний Новгород,,,(831) 213-68-28,8312136828,nn@met-trans.ru,"ул. Чехова, д. 21",Россия,(963) 109-82-78,(963) 109-82-78,https://yandex.ru/maps/org/mettransterminal/59828609062/?ll=43.928803%2C56.325215&z=16,https://2gis.ru/n_novgorod/firm/70000001024609672,"https://www.google.com/maps/place/%D0%9C%D0%B5%D1%82%D0%A2%D1%80%D0%B0%D0%BD%D1%81%D0%A2%D0%B5%D1%80%D0%BC%D0%B8%D0%BD%D0%B0%D0%BB/@56.3089264,43.8626164,17.58z/data=!4m6!3m5!1s0x414e29e4f7504ea1:0x174f519e0ddc5a0a!8m2!3d56.3088851!4d43.8652837!16s%2Fg%2F11f03c05jn?entry=ttu"
novokuznetsk.met-trans.ru,Новокузнецк,,,(3843) 20-96-50,3843209650,novokuznetsk@met-trans.ru,"пр-т Строителей, д. 19",Россия,(962) 829-87-48,(962) 829-87-48,https://yandex.ru/maps/org/mettransterminal/155240205719/?ll=87.111573%2C53.768209&z=16,https://2gis.ru/novokuznetsk/firm/70000001044687655,"https://www.google.ru/maps/place/%D0%9C%D0%B5%D1%82%D1%82%D1%80%D0%B0%D0%BD%D1%81%D1%82%D0%B5%D1%80%D0%BC%D0%B8%D0%BD%D0%B0%D0%BB/@53.7681248,87.1108249,19z/data=!4m6!3m5!1s0x42d0c0dd44500001:0x333e63664509c746!8m2!3d53.7681897!4d87.11137!16s%2Fg%2F11sy73h92n?hl=ru&entry=ttu"
novorossiysk.met-trans.ru,Новороссийск,,,(800) 700-36-68,8007003668,novorossiysk@met-trans.ru,"ул. Чкалова, д. 48",Россия,(962) 766-80-86,(962) 766-80-86,https://yandex.ru/profile/96785901419,https://2gis.ru/novorossiysk/firm/70000001081570664,
nsk.met-trans.ru,Новосибирск,,,(383) 249-87-48,3832498748,nsk@met-trans.ru,"ул. Станционная, д. 30А, оф. 820",Россия,(962) 829-87-48,(962) 829-87-48,https://yandex.ru/maps/org/mettransterminal/115613943101/?ll=82.853108%2C54.998384&z=14,https://2gis.ru/novosibirsk/firm/70000001029344329,"https://www.google.com/maps/place/%D0%9C%D0%B5%D1%82%D0%A2%D1%80%D0%B0%D0%BD%D1%81%D0%A2%D0%B5%D1%80%D0%BC%D0%B8%D0%BD%D0%B0%D0%BB/@54.998318,82.8519813,18.5z/data=!4m6!3m5!1s0x42dfe14b0b21faa9:0x2251f130c89bf911!8m2!3d54.9982329!4d82.8531758!16s%2Fg%2F11hbn2zzgs?entry=ttu"
novocherkassk.met-trans.ru,Новочеркасск,,,(800) 700-36-68,8007003668,novocherkassk@met-trans.ru,,Россия,(967) 862-03-58,(967) 862-03-58,https://yandex.ru/profile/161467898741,,
n-urengoy.met-trans.ru,Новый Уренгой,,,(3494) 26-78-08,3494267808,n-urengoy@met-trans.ru,"пр-кт Ленинградский, д. 4А",Россия,(982) 938-77-36,(982) 938-77-36,https://yandex.ru/maps/org/mettransterminal/3957832739/?ll=76.672125%2C66.082782&z=16,https://2gis.ru/n_urengoy/firm/70000001044686248,
omsk.met-trans.ru,Омск,,,(3812) 63-71-68,3812637168,omsk@met-trans.ru,"пр. Космический, д. 109к1",Россия,(902) 409-26-58,(902) 409-26-58,https://yandex.ru/maps/org/mettransterminal/89858182372/?ll=73.481867%2C54.987916&z=16,https://2gis.ru/omsk/firm/70000001044685198,
orel.met-trans.ru,Орёл,,,(800) 700-36-68,8007003668,orel@met-trans.ru,"ул. Михалицына, д. 10",Россия,(967) 862-03-58,(967) 862-03-58,https://yandex.ru/profile/65116109104,https://2gis.ru/orel/firm/70000001084205713,
orenburg.met-trans.ru,Оренбург,,,(3532) 42-66-58,3532426658,orenburg@met-trans.ru,"ул. Томилинская, д. 237",Россия,(902) 409-26-58,(902) 409-26-58,https://yandex.ru/maps/org/mettransterminal/11749732816/?ll=55.123132%2C51.796922&z=16,https://2gis.ru/orenburg/firm/70000001031468450,
penza.met-trans.ru,Пенза,,,(8412) 29-82-78,8412298278,penza@met-trans.ru,"ул. Совхозная, д. 15А",Россия,(963) 109-82-78,(963) 109-82-78,https://yandex.ru/maps/org/mettransterminal/25260363537/?ll=45.019690%2C53.239218&z=14,https://2gis.ru/penza/firm/70000001044687705,
perm.met-trans.ru,Пермь,,,(342) 259-27-38,3422592738,perm@met-trans.ru,"Комсомольский пр-т, д. 98Б, оф. 5",Россия,(964) 190-27-38,(964) 190-27-38,https://yandex.ru/maps/org/mettransterminal/162015771700/?ll=56.254435%2C57.983368&z=16,https://2gis.ru/perm/firm/70000001038042195,https://maps.app.goo.gl/sAG2kwmishn2MVBBA
petrozavodsk.met-trans.ru,Петрозаводск,,,(8142) 67-12-66,8142671266,petrozavodsk@met-trans.ru,"ул. Новосулажгорская, д. 25, оф. 7А",Россия,(960) 283-58-33,(960) 283-58-33,https://yandex.ru/maps/org/mettransterminal/225329718396/?ll=34.281067%2C61.807718&z=16,https://2gis.ru/petrozavodsk/firm/70000001044687756,
petropavlovsk.met-trans.ru,Петропавловск-Камчатский,,,(800) 700-62-38,8007006238,petropavlovsk@met-trans.ru,"Восточное ш., д. 5, корп. 1",Россия,(902) 409-26-58,(902) 409-26-58,https://yandex.ru/profile/150384600073,https://2gis.ru/p_kamchatskiy/firm/70000001083346611,
podolsk.met-trans.ru,Подольск,,,(800) 700-36-68,8007003668,podolsk@met-trans.ru,,Россия,(967) 862-03-58,(967) 862-03-58,https://yandex.ru/profile/84657555957,,
pskov.met-trans.ru,Псков,,,(8112) 70-29-94,8112702994,pskov@met-trans.ru,"ул. Новгородская, д. 13",Россия,(960) 283-58-33,(960) 283-58-33,https://yandex.ru/maps/org/mettransterminal/61777023142/?ll=28.396348%2C57.817721&z=13,https://2gis.ru/pskov/firm/70000001044687802,
pyatigorsk.met-trans.ru,Пятигорск,,,(800) 700-36-68,8007003668,pyatigorsk@met-trans.ru,Промышленная зона №2,Россия,(967) 862-03-58,(967) 862-03-58,https://yandex.ru/profile/94155669909,,
rostov.met-trans.ru,Ростов-на-Дону,,,(863) 256-08-78,8632560878,rostov@met-trans.ru,"пр-т Михаила Нагибина, д. 11/135, оф. 301",Россия,(903) 406-08-78,(903) 406-08-78,https://yandex.ru/maps/org/mettransterminal/65584013888/?ll=39.712381%2C47.245139&z=14,https://2gis.ru/rostov/firm/70000001028079748,"https://www.google.com/maps/place/%D0%9C%D0%B5%D1%82%D0%A2%D1%80%D0%B0%D0%BD%D1%81%D0%A2%D0%B5%D1%80%D0%BC%D0%B8%D0%BD%D0%B0%D0%BB/@47.2526607,39.6028485,17.25z/data=!4m6!3m5!1s0x40e3c7a0a843e267:0x2d98c8fc2fdc698d!8m2!3d47.2528516!4d39.6066744!16s%2Fg%2F11ghfdljl8?entry=ttu"
ryazan.met-trans.ru,Рязань,,,(491) 299-56-35,4912995635,ryazan@met-trans.ru,"Московское шоссе, д. 147",Россия,(902) 409-26-58,(902) 409-26-58,https://yandex.ru/maps/org/mettransterminal/99595848464/?ll=39.603146%2C54.663013&z=14,https://2gis.ru/ryazan/firm/70000001044687832,
samara.met-trans.ru,Самара,,,(846) 221-66-38,8462216638,samara@met-trans.ru,"ул. Товарная, д. 17к1",Россия,(902) 409-26-58,(902) 409-26-58,https://yandex.ru/maps/org/mettransterminal/57878636800/?ll=50.295739%2C53.232611&z=15,https://2gis.ru/samara/firm/70000001035699240,"https://www.google.com/maps/place/%D0%9C%D0%B5%D1%82%D1%82%D1%80%D0%B0%D0%BD%D1%81%D1%82%D0%B5%D1%80%D0%BC%D0%B8%D0%BD%D0%B0%D0%BB/@53.2336961,50.2919045,17.83z/data=!4m6!3m5!1s0x41661a2d979c0001:0x83c30d1064d1f9c9!8m2!3d53.2334027!4d50.2939986!16s%2Fg%2F11s7bhh_68?entry=ttu"
spb.met-trans.ru,Санкт-Петербург,,,(812) 983-58-33,8129835833,spb@met-trans.ru,"ул. Маршала Говорова, д. 35к5, оф. 206",Россия,(960) 283-58-33,(960) 283-58-33,https://yandex.ru/maps/org/mettransterminal/110972626844/?ll=30.281348%2C59.888288&z=13,https://2gis.ru/spb/firm/70000001033467853,"https://www.google.com/maps/place/%D0%9C%D0%B5%D1%82%D0%A2%D1%80%D0%B0%D0%BD%D1%81%D0%A2%D0%B5%D1%80%D0%BC%D0%B8%D0%BD%D0%B0%D0%BB/@59.8895527,30.2774402,18.75z/data=!3m1!5s0x4696307e01d0688f:0x240b8d4b5bea6122!4m6!3m5!1s0x4696307e05f01de7:0xe54cd81f5ab18535!8m2!3d59.8894129!4d30.2786476!16s%2Fg%2F11g027sct7?entry=ttu"
saransk.met-trans.ru,Саранск,,,(800) 700-03-68,8007000368,saransk@met-trans.ru,"ул. Строительная, д. 11к1",Россия,(963) 109-82-78,(963) 109-82-78,https://yandex.ru/profile/137235748583,https://2gis.ru/saransk/firm/70000001082487095,
saratov.met-trans.ru,Саратов,,,(8452) 24-81-68,8452248168,saratov@met-trans.ru,"ул. Крайняя, д. 129",Россия,(902) 409-26-58,(902) 409-26-58,https://yandex.ru/maps/org/mettransterminal/149716560346/?ll=46.017071%2C51.553962&z=16,https://2gis.ru/saratov/firm/70000001044687873,
sevastopol.met-trans.ru,Севастополь,,,(8692) 77-72-88,8692777288,sevastopol@met-trans.ru,"ул. Астана Кесаева, д. 15А, оф. 1",Россия,(962) 766-80-86,(962) 766-80-86,https://yandex.ru/maps/org/mettransterminal/121501731767/?ll=33.457816%2C44.587159&z=16,https://2gis.ru/sevastopol/firm/70000001063763599,
simferopol.met-trans.ru,Симферополь,,,(3652) 88-68-08,3652886808,simferopol@met-trans.ru,"ул. Первомайская, д. 3В, оф. 24",Россия,(962) 766-80-86,(962) 766-80-86,https://yandex.ru/maps/org/mettransterminal/228381654171/?ll=34.125380%2C44.940071&z=16,https://2gis.ru/simferopol/firm/70000001044688005,
smolensk.met-trans.ru,Смоленск,,,(800) 700-36-68,8007003668,smolensk@met-trans.ru,"Краснинское шоссе, д. 35",Россия,(967) 862-03-58,(967) 862-03-58,https://yandex.ru/profile/229913185227,https://2gis.ru/smolensk/firm/70000001082532968,
sochi.met-trans.ru,Сочи,,,(862) 296-98-68,8622969868,sochi@met-trans.ru,"мкр. КСМ, ул. Кипарисовая, д. 8Б",Россия,(962) 766-80-86,(962) 766-80-86,https://yandex.ru/maps/org/mettransterminal/230292150367/?ll=39.743291%2C43.634089&z=14,https://2gis.ru/sochi/firm/70000001055936732,
stavropol.met-trans.ru,Ставрополь,,,(8652) 66-83-08,8652668308,stavropol@met-trans.ru,"ул. 4-я Промышленная, д. 1а",Россия,(962) 766-80-86,(962) 766-80-86,https://yandex.ru/maps/org/mettransterminal/208938450360/?ll=41.915732%2C45.061949&z=16,https://2gis.ru/stavropol/firm/70000001044688072,
sterlitamak.met-trans.ru,Стерлитамак,,,(800) 700-61-83,8007006183,sterlitamak@met-trans.ru,"ул. Элеваторная, д. 1А",Россия,(967) 862-03-58,(967) 862-03-58,https://yandex.ru/profile/177985688775,https://2gis.ru/sterlitamak/firm/70000001082544800,
surgut.met-trans.ru,Сургут,,,(3462) 79-09-78,3462790978,surgut@met-trans.ru,"ул. Домостроителей, д. 9",Россия,(902) 409-26-58,(902) 409-26-58,https://yandex.ru/maps/org/mettransterminal/36835686855/?ll=73.383591%2C61.279138&z=16,https://2gis.ru/surgut/firm/70000001044685247,
syktyvkar.met-trans.ru,Сыктывкар,,,(800) 700-62-38,8007006238,syktyvkar@met-trans.ru,"ул. Станционная, д. 108",Россия,(902) 409-26-58,(902) 409-26-58,https://yandex.ru/profile/238855264127,https://2gis.ru/syktyvkar/firm/70000001083333240,
taganrog.met-trans.ru,Таганрог,,,(800) 700-36-68,8007003668,taganrog@met-trans.ru,"Поляковское шоссе, д. 2",Россия,(967) 862-03-58,(967) 862-03-58,https://yandex.ru/profile/139110211914,https://2gis.ru/taganrog/firm/70000001083328959,
tambov.met-trans.ru,Тамбов,,,(800) 700-36-68,8007003668,tambov@met-trans.ru,"ул. Урожайная, д. 1А",Россия,(967) 862-03-58,(967) 862-03-58,https://yandex.ru/profile/230773767133,https://2gis.ru/tambov/firm/70000001083461751,
tver.met-trans.ru,Тверь,,,(800) 700-36-68,8007003668,tver@met-trans.ru,"Старицкое шоссе, д. 6к1",Россия,(967) 862-03-58,(967) 862-03-58,https://yandex.ru/profile/30280952914,https://2gis.ru/tver/firm/70000001083459881,
tobolsk.met-trans.ru,Тобольск,,,(3456) 27-28-38,3456272838,tobolsk@met-trans.ru,"ул. Радищева, д. 28с6, оф. 4",Россия,(982) 938-77-36,(982) 938-77-36,https://yandex.ru/maps/org/mettransterminal/214131560420/?ll=68.275097%2C58.203576&z=16,https://2gis.ru/tobolsk/firm/70000001060771891,
tolyatti.met-trans.ru,Тольятти,,,(8482) 71-90-28,8482719028,tolyatti@met-trans.ru,"ул. Ушакова, д. 48, оф. 3",Россия,(902) 409-26-58,(902) 409-26-58,https://yandex.ru/maps/org/mettransterminal/57092954722/?ll=49.401655%2C53.501619&z=16,https://2gis.ru/togliatti/firm/70000001043343812,
tomsk.met-trans.ru,Томск,,,(3822) 23-48-86,3822234886,tomsk@met-trans.ru,"пр-т Ленина, д. 159",Россия,(962) 829-87-48,(962) 829-87-48,https://yandex.ru/maps/org/mettransterminal/183694983016/?ll=84.948834%2C56.497894&z=16,https://2gis.ru/tomsk/firm/70000001044688192,
tula.met-trans.ru,Тула,,,(4872) 38-59-17,4872385917,tula@met-trans.ru,"ул. Пушкинская, д. 14Ж, оф. 202/1",Россия,(902) 409-26-58,(902) 409-26-58,https://yandex.ru/maps/org/mettransterminal/235374275412/?ll=37.613495%2C54.186919&z=14,https://2gis.ru/tula/firm/70000001044688254,
tyumen.met-trans.ru,Тюмень,,,(3452) 38-74-58,3452387458,tumen@met-trans.ru,"ул. Пермякова, д. 1, ст. 5, оф. 1305",Россия,(982) 938-77-36,(982) 938-77-36,https://yandex.ru/maps/org/mettransterminal/1117977687/?ll=65.602848%2C57.132240&z=13,https://2gis.ru/tyumen/firm/1830115630041773,
ulan-ude.met-trans.ru,Улан-Удэ,,,(3012) 39-00-69,3012390069,ulan-ude@met-trans.ru,"ул. Ботаническая, д. 38/3",Россия,(902) 409-26-58,(902) 409-26-58,https://yandex.ru/profile/39509110146,https://2gis.ru/ulanude/firm/70000001083582951,
ulianovsk.met-trans.ru,Ульяновск,,,(8422) 72-59-88,8422725988,ulianovsk@met-trans.ru,"ул. Промышленная, д. 2А",Россия,(963) 109-82-78,(963) 109-82-78,https://yandex.ru/maps/org/mettransterminal/193074607599/?ll=48.285444%2C54.294029&z=14,https://2gis.ru/ulyanovsk/firm/70000001044688327,
ufa.met-trans.ru,Уфа,,,(347) 298-13-17,3472981317,ufa@met-trans.ru,"Уфимское шоссе, д. 13а",Россия,(902) 409-26-58,(902) 409-26-58,https://yandex.ru/maps/org/mettransterminal/36252709819/?ll=56.054882%2C54.785621&z=16,https://2gis.ru/ufa/firm/70000001055933464,"https://www.google.com/maps/place/%D0%9C%D0%B5%D1%82%D1%82%D1%80%D0%B0%D0%BD%D1%81%D1%82%D0%B5%D1%80%D0%BC%D0%B8%D0%BD%D0%B0%D0%BB/@54.7856942,56.053867,18.5z/data=!4m6!3m5!1s0x43d9382608a6db7f:0xba2e1a2cfd0d82d!8m2!3d54.7859097!4d56.0543347!16s%2Fg%2F11s490vgl9?entry=ttu"
khabarovsk.met-trans.ru,Хабаровск,,,(4212) 65-14-08,4212651408,khabarovsk@met-trans.ru,"ул. Целинная, д. 10Д, пом. 2",Россия,(962) 829-87-48,(962) 829-87-48,https://yandex.ru/maps/org/mettransterminal/122488845165/?ll=135.159817%2C48.429917&z=16,https://2gis.ru/khabarovsk/firm/70000001044685131,
hanty.met-trans.ru,Ханты-Мансийск,,,(3467) 30-80-68,3467308068,hanty@met-trans.ru,"ул. Парковая, д. 92А",Россия,(982) 938-77-36,(982) 938-77-36,https://yandex.ru/maps/org/mettransterminal/115248427343/?ll=69.059775%2C60.995638&z=16,https://2gis.ru/kh_mansiysk/firm/70000001036212035,"https://www.google.com/maps/place/%D0%9C%D0%B5%D1%82%D1%82%D1%80%D0%B0%D0%BD%D1%81%D1%82%D0%B5%D1%80%D0%BC%D0%B8%D0%BD%D0%B0%D0%BB/@61.0148176,69.0685479,18.25z/data=!4m6!3m5!1s0x439e7acda30c7339:0xdf895d59c53294c6!8m2!3d61.014533!4d69.069815!16s%2Fg%2F11pkb7nrkq?entry=ttu"
cheboksary.met-trans.ru,Чебоксары,,,(8352) 36-42-14,8352364214,cheboksary@met-trans.ru,"ул. Урукова, д. 19",Россия,(963) 109-82-78,(963) 109-82-78,https://yandex.ru/maps/org/mettransterminal/63313402318/?ll=47.205058%2C56.139527&z=16,https://2gis.ru/cheboksary/firm/70000001059770739,
chel.met-trans.ru,Челябинск,,,(351) 216-03-38,3512160338,chel@met-trans.ru,"ул.Труда ,д. 91 ,офис 201",Россия,(967) 862-03-58,(967) 862-03-58,https://yandex.ru/maps/org/mettransterminal/224953401032/?indoorLevel=1&ll=61.406542%2C55.167853&z=17,https://2gis.ru/chelyabinsk/firm/2111590608512297,"https://www.google.com/maps/place/%D0%9C%D0%B5%D1%82%D0%A2%D1%80%D0%B0%D0%BD%D1%81%D0%A2%D0%B5%D1%80%D0%BC%D0%B8%D0%BD%D0%B0%D0%BB/@55.1136124,61.3868685,18.87z/data=!4m6!3m5!1s0x43c58d0d9ea2d1a7:0x3f0d074ec5b4dbcb!8m2!3d55.1135514!4d61.388125!16s%2Fg%2F113gwbtqh?entry=ttu"
cherepovets.met-trans.ru,Череповец,,,(800) 700-36-68,8007003668,cherepovets@met-trans.ru,"ул. Промышленная, д. 7, стр. 4",Россия,(967) 862-03-58,(967) 862-03-58,https://yandex.ru/profile/128221064683,https://2gis.ru/cherepovets/firm/70000001083457293,
chita.met-trans.ru,Чита,,,(3022) 24-52-39,3022245239,chita@met-trans.ru,"ул. Сухая Падь, д. 3с2",Россия,(902) 409-26-58,(902) 409-26-58,https://yandex.ru/profile/243874721234,https://2gis.ru/chita/firm/70000001083532027,
sakhalinsk.met-trans.ru,Южно-Сахалинск,,,(800) 700-35-86,8007003586,sakhalin@met-trans.ru,"ул. Ленина, д. 474А",Россия,(962) 829-87-48,(962) 829-87-48,https://yandex.ru/profile/62455785353,https://2gis.ru/yuzhnosakhalinsk/firm/70000001083554827,
yakutsk.met-trans.ru,Якутск,,,(4112) 24-00-86,4112240086,yakutsk@met-trans.ru,"ул. Байкалова, д. 2",Россия,(962) 829-87-48,(962) 829-87-48,https://yandex.ru/profile/55721184048,https://2gis.ru/yakutsk/firm/70000001083531945,
yaroslavl.met-trans.ru,Ярославль,,,(4852) 66-25-08,4852662508,yaroslavl@met-trans.ru,"ул. Базовая, д. 3, оф. 17Б",Россия,(902) 409-26-58,(902) 409-26-58,https://yandex.ru/maps/org/mettransterminal/26965509587/?ll=39.838100%2C57.657437&z=16,https://2gis.ru/yaroslavl/firm/70000001044688399,
met-trans.uz,Ташкент,,,998(93) 503-80-68,935038068,info@met-trans.uz,"ул. Туркистан, д. 12А",Узбекистан,998-93-503-80-68,998-93-503-80-68,https://yandex.ru/maps/org/mettransterminal/19964224832/?ll=69.284219%2C41.291810&z=17,https://go.2gis.com/s8HxR,https://goo.gl/maps/HrV3217sgXwdnY8t5
donetsk.met-trans.ru,Донецк,,,(963) 379-09-93,9633790993,donetsk@met-trans.ru,"Зелёная улица, д. 18",Украина,,,,,
lugansk.met-trans.ru,Луганск,,,(963) 379-09-93,9633790993,lugansk@met-trans.ru,"ул. Фрунзе, д. 118",Украина,,,,,
mariupol.met-trans.ru,Мариуполь,,,(963) 379-09-93,9633790993,mariupol@met-trans.ru,"Малофонтанная улица, д. 79",Украина,,,,,
melitopol.met-trans.ru,Мелитополь,,,(963) 379-09-93,9633790993,melitopol@met-trans.ru,"ул. Курчатова, д. 19",Украина,,,,,
herson.met-trans.ru,Херсон,,,(963) 379-09-93,9633790993,herson@met-trans.ru,"20-я Восточная улица, д. 7",Украина,,,,,
