url,type
https://shopmet.ru/catalog/chernyy-metalloprokat,категория
https://shopmet.ru/catalog/armatura,категория
https://shopmet.ru/catalog/armatura-bu,категория
https://shopmet.ru/catalog/balka-bu,категория
https://shopmet.ru/catalog/dvutavr,категория
https://shopmet.ru/catalog/katanka,категория
https://shopmet.ru/catalog/krug,категория
https://shopmet.ru/catalog/chugunnyy-krug,категория
https://shopmet.ru/catalog/krug-bu,категория
https://shopmet.ru/catalog/krug-stalnoy,категория
https://shopmet.ru/catalog/kvadrat,категория
https://shopmet.ru/catalog/kvadrat-bu,категория
https://shopmet.ru/catalog/kvadrat-chugunnyy,категория
https://shopmet.ru/catalog/stalnoy-kvadrat,категория
https://shopmet.ru/catalog/lenta-stalnaya,категория
https://shopmet.ru/catalog/melyuschie-shary,категория
https://shopmet.ru/catalog/otlivka-chugunnaya,категория
https://shopmet.ru/catalog/polosa,категория
https://shopmet.ru/catalog/chugunnaya-polosa,категория
https://shopmet.ru/catalog/perforirovannaya-polosa,категория
https://shopmet.ru/catalog/polosa-otsinkovannaya,категория
https://shopmet.ru/catalog/polosa-stalnaya,категория
https://shopmet.ru/catalog/polosobulb-stalnoy,категория
https://shopmet.ru/catalog/profil,категория
https://shopmet.ru/catalog/krepezhnyy-profil,категория
https://shopmet.ru/catalog/profil-gnutyy,категория
https://shopmet.ru/catalog/profil-lstk,категория
https://shopmet.ru/catalog/shpunt-larsena,категория
https://shopmet.ru/catalog/shestigrannik,категория
https://shopmet.ru/catalog/shestigrannik-bu,категория
https://shopmet.ru/catalog/shestigrannik-stalnoy,категория
https://shopmet.ru/catalog/shveller,категория
https://shopmet.ru/catalog/bu-shveller,категория
https://shopmet.ru/catalog/gnutyy-shveller,категория
https://shopmet.ru/catalog/goryachekatannyy-shveller,категория
https://shopmet.ru/catalog/truba-chugunnaya,категория
https://shopmet.ru/catalog/ugolok,категория
https://shopmet.ru/catalog/gnutyy-ugolok,категория
https://shopmet.ru/catalog/goryachekatanyy-ugolok,категория
https://shopmet.ru/catalog/ugolok-bu,категория
https://shopmet.ru/catalog/dymohod,категория
https://shopmet.ru/catalog/adapter-dlya-kotla,категория
https://shopmet.ru/catalog/deflektor-na-dymohod,категория
https://shopmet.ru/catalog/dymosos,категория
https://shopmet.ru/catalog/kolpak-na-dymohod,категория
https://shopmet.ru/catalog/kreplenie-dlya-dymohoda,категория
https://shopmet.ru/catalog/lyuchok-dlya-dymohoda,категория
https://shopmet.ru/catalog/otvod-dymohoda,категория
https://shopmet.ru/catalog/perehod-dlya-dymohoda,категория
https://shopmet.ru/catalog/troynik-truby-dymohoda,категория
https://shopmet.ru/catalog/truba-dlya-dymohoda,категория
https://shopmet.ru/catalog/truba-drosselnaya,категория
https://shopmet.ru/catalog/zaglushka-dymohoda,категория
https://shopmet.ru/catalog/fitingi,категория
https://shopmet.ru/catalog/bobyshka,категория
https://shopmet.ru/catalog/bochonok-santehnicheskiy,категория
https://shopmet.ru/catalog/dvoynoy-rastrub,категория
https://shopmet.ru/catalog/futorka,категория
https://shopmet.ru/catalog/koleno,категория
https://shopmet.ru/catalog/chugunnoe-koleno,категория
https://shopmet.ru/catalog/koleno-plastikovoe,категория
https://shopmet.ru/catalog/koltso-onk,категория
https://shopmet.ru/catalog/krest,категория
https://shopmet.ru/catalog/krestovina-chugunnaya,категория
https://shopmet.ru/catalog/krestovina-iz-nerzhaveyuschey-stali,категория
https://shopmet.ru/catalog/krestovina-latunnaya,категория
https://shopmet.ru/catalog/krestovina-plastikovaya,категория
https://shopmet.ru/catalog/stalnaya-krestovina,категория
https://shopmet.ru/catalog/mezhtrubnoe-soedinenie,категория
https://shopmet.ru/catalog/mufta,категория
https://shopmet.ru/catalog/mufta-dlya-obsadnoy-truby,категория
https://shopmet.ru/catalog/mufta-nkt,категория
https://shopmet.ru/catalog/mufta-soedinitelnaya,категория
https://shopmet.ru/catalog/soedinenie-amerikanka,категория
https://shopmet.ru/catalog/nippel,категория
https://shopmet.ru/catalog/otvody,категория
https://shopmet.ru/catalog/bronzovyy-otvod,категория
https://shopmet.ru/catalog/latunnyy-otvod,категория
https://shopmet.ru/catalog/mednyy-otvod,категория
https://shopmet.ru/catalog/otvod-alyuminievyy,категория
https://shopmet.ru/catalog/otvod-bu,категория
https://shopmet.ru/catalog/otvod-chugunnyy,категория
https://shopmet.ru/catalog/otvod-iz-nerzhaveyuschey-stali,категория
https://shopmet.ru/catalog/otvod-iz-otsinkovannoy-stali,категория
https://shopmet.ru/catalog/otvod-plastikovyy,категория
https://shopmet.ru/catalog/otvod-stalnoy,категория
https://shopmet.ru/catalog/titanovyy-otvod,категория
https://shopmet.ru/catalog/patrubok,категория
https://shopmet.ru/catalog/perehod,категория
https://shopmet.ru/catalog/chugunnyy-perehod,категория
https://shopmet.ru/catalog/latunnyy-perehodnik,категория
https://shopmet.ru/catalog/mednyy-perehodnik,категория
https://shopmet.ru/catalog/perehod-iz-nerzhaveyuschey-stali,категория
https://shopmet.ru/catalog/perehod-plastikovyy,категория
https://shopmet.ru/catalog/perehod-titanovyy,категория
https://shopmet.ru/catalog/stalnoy-perehod,категория
https://shopmet.ru/catalog/reviziya-kanalizatsionnaya,категория
https://shopmet.ru/catalog/rezba,категория
https://shopmet.ru/catalog/sgon-santehnicheskiy,категория
https://shopmet.ru/catalog/shtutser,категория
https://shopmet.ru/catalog/troynik,категория
https://shopmet.ru/catalog/bronzovyy-troynik,категория
https://shopmet.ru/catalog/chugunnyy-troynik,категория
https://shopmet.ru/catalog/latunnyy-troynik,категория
https://shopmet.ru/catalog/mednyy-troynik,категория
https://shopmet.ru/catalog/troynik-iz-nerzhaveyuschey-stali,категория
https://shopmet.ru/catalog/troynik-plastikovyy,категория
https://shopmet.ru/catalog/troynik-stalnoy,категория
https://shopmet.ru/catalog/troynik-titanovyy,категория
https://shopmet.ru/catalog/vtulka,категория
https://shopmet.ru/catalog/bronzovaya-vtulka,категория
https://shopmet.ru/catalog/latunnaya-vtulka,категория
https://shopmet.ru/catalog/mednaya-vtulka,категория
https://shopmet.ru/catalog/vtulka-chugunnaya,категория
https://shopmet.ru/catalog/vtulka-plastikovaya,категория
https://shopmet.ru/catalog/zaglushka,категория
https://shopmet.ru/catalog/alyuminievaya-zaglushka,категория
https://shopmet.ru/catalog/chugunnaya-zaglushka,категория
https://shopmet.ru/catalog/latunnaya-zaglushka,категория
https://shopmet.ru/catalog/mednaya-zaglushka,категория
https://shopmet.ru/catalog/zaglushka-nerzhaveyuschaya,категория
https://shopmet.ru/catalog/zaglushka-plastikovaya,категория
https://shopmet.ru/catalog/zaglushka-stalnaya,категория
https://shopmet.ru/catalog/zaglushka-titanovaya,категория
https://shopmet.ru/catalog/izdeliya-iz-asbesta,категория
https://shopmet.ru/catalog/asbestotsementnaya-truba,категория
https://shopmet.ru/catalog/asbestovaya-lenta,категория
https://shopmet.ru/catalog/asbestovaya-nabivka,категория
https://shopmet.ru/catalog/asbestovaya-tkan,категория
https://shopmet.ru/catalog/asbestovoe-polotno,категория
https://shopmet.ru/catalog/asbokarton,категория
https://shopmet.ru/catalog/asbotsementnyy-list,категория
https://shopmet.ru/catalog/bumaga-asbestovaya,категория
https://shopmet.ru/catalog/hrizotiltsementnaya-truba,категория
https://shopmet.ru/catalog/kroshka-asbestovaya,категория
https://shopmet.ru/catalog/list-asbostalnoy,категория
https://shopmet.ru/catalog/kabelnye-sistemy,категория
https://shopmet.ru/catalog/akusticheskiy-kabel,категория
https://shopmet.ru/catalog/gilza-dlya-obzhima-provodov,категория
https://shopmet.ru/catalog/kabel,категория
https://shopmet.ru/catalog/kabel-silovoy,категория
https://shopmet.ru/catalog/kabelnyy-lotok,категория
https://shopmet.ru/catalog/koaksialnyy-kabel,категория
https://shopmet.ru/catalog/metallorukav,категория
https://shopmet.ru/catalog/nakonechnik-kabelnyy,категория
https://shopmet.ru/catalog/opticheskiy-kabel,категория
https://shopmet.ru/catalog/provod,категория
https://shopmet.ru/catalog/provod-samonesuschiy,категория
https://shopmet.ru/catalog/stoyka-kabelnaya,категория
https://shopmet.ru/catalog/termoelektrodnaya-provoloka,категория
https://shopmet.ru/catalog/vitaya-para,категория
https://shopmet.ru/catalog/zazhim-dlya-kabelya,категория
https://shopmet.ru/catalog/krovlya,категория
https://shopmet.ru/catalog/kompozitnaya-cherepitsa,категория
https://shopmet.ru/catalog/konek-krovelnyy,категория
https://shopmet.ru/catalog/krovelnaya-sendvich-panel,категория
https://shopmet.ru/catalog/krovelnaya-ventilyatsiya,категория
https://shopmet.ru/catalog/krovelnyy-list,категория
https://shopmet.ru/catalog/mansardnoe-okno,категория
https://shopmet.ru/catalog/shtora-na-mansardnye-okna,категория
https://shopmet.ru/catalog/zhalyuzi-na-mansardnye-okna,категория
https://shopmet.ru/catalog/metallicheskiy-shifer,категория
https://shopmet.ru/catalog/metallocherepitsa,категория
https://shopmet.ru/catalog/profnastil,категория
https://shopmet.ru/catalog/alyuminievyy-profnastil,категория
https://shopmet.ru/catalog/profnastil-nerzhaveyuschiy,категория
https://shopmet.ru/catalog/profnastil-otsinkovannyy,категория
https://shopmet.ru/catalog/profnastil-s-polimernym-pokrytiem,категория
https://shopmet.ru/catalog/ruberoid,категория
https://shopmet.ru/catalog/shifer,категория
https://shopmet.ru/catalog/snegoderzhatel,категория
https://shopmet.ru/catalog/uplotnitel-krovelnyy,категория
https://shopmet.ru/catalog/listovoy-prokat,категория
https://shopmet.ru/catalog/chugunnyy-list,категория
https://shopmet.ru/catalog/list-goryachekatanyy,категория
https://shopmet.ru/catalog/list-metalla-bu,категория
https://shopmet.ru/catalog/list-otsinkovannyy-s-polimernym-pokrytiem,категория
https://shopmet.ru/catalog/list-stalnoy-holodnokatanyy,категория
https://shopmet.ru/catalog/list-zhesti,категория
https://shopmet.ru/catalog/otsinkovannyy-list,категория
https://shopmet.ru/catalog/perforirovannyy-list,категория
https://shopmet.ru/catalog/prosechno-vytyazhnoy-list,категория
https://shopmet.ru/catalog/riflenyy-list,категория
https://shopmet.ru/catalog/list-riflenyy-chechevitsa,категория
https://shopmet.ru/catalog/list-riflenyy-kvintet,категория
https://shopmet.ru/catalog/list-riflenyy-romb,категория
https://shopmet.ru/catalog/materialy-vsp,категория
https://shopmet.ru/catalog/kolesnaya-para,категория
https://shopmet.ru/catalog/nakladka,категория
https://shopmet.ru/catalog/podkladka,категория
https://shopmet.ru/catalog/relsy-kranovye,категория
https://shopmet.ru/catalog/relsy-tramvaynye,категория
https://shopmet.ru/catalog/shpaly,категория
https://shopmet.ru/catalog/strelochnye-perevody,категория
https://shopmet.ru/catalog/zheleznodorozhnye-relsy,категория
https://shopmet.ru/catalog/zheleznodorozhnyy-krepezh,категория
https://shopmet.ru/catalog/metallurgicheskoe-syre,категория
https://shopmet.ru/catalog/berilliy-metall,категория
https://shopmet.ru/catalog/chushka,категория
https://shopmet.ru/catalog/alyuminievaya-chushka,категория
https://shopmet.ru/catalog/babbit-v-chushkah,категория
https://shopmet.ru/catalog/bronzovaya-chushka,категория
https://shopmet.ru/catalog/chushka-chugunnaya,категория
https://shopmet.ru/catalog/chushka-mednaya,категория
https://shopmet.ru/catalog/chushka-nerzhaveyuschaya,категория
https://shopmet.ru/catalog/chushka-titanovaya,категория
https://shopmet.ru/catalog/chushka-vismut,категория
https://shopmet.ru/catalog/latunnaya-chushka,категория
https://shopmet.ru/catalog/olovyannaya-chushka,категория
https://shopmet.ru/catalog/surma-chushka,категория
https://shopmet.ru/catalog/svintsovaya-chushka,категория
https://shopmet.ru/catalog/tsinkovaya-chushka,категория
https://shopmet.ru/catalog/dragotsennye-metally,категория
https://shopmet.ru/catalog/platina,категория
https://shopmet.ru/catalog/serebro,категория
https://shopmet.ru/catalog/zoloto,категория
https://shopmet.ru/catalog/gafniy,категория
https://shopmet.ru/catalog/germaniy,категория
https://shopmet.ru/catalog/indiy-metall,категория
https://shopmet.ru/catalog/kobalt,категория
https://shopmet.ru/catalog/koks,категория
https://shopmet.ru/catalog/kremniy-metall,категория
https://shopmet.ru/catalog/magniy-metall,категория
https://shopmet.ru/catalog/marganets-metall,категория
https://shopmet.ru/catalog/metallicheskaya-drob,категория
https://shopmet.ru/catalog/metallicheskaya-pudra,категория
https://shopmet.ru/catalog/pudra-alyuminievaya,категория
https://shopmet.ru/catalog/pudra-bronzovaya,категория
https://shopmet.ru/catalog/pudra-mednaya,категория
https://shopmet.ru/catalog/metallicheskiy-hrom,категория
https://shopmet.ru/catalog/metallicheskiy-poroshok,категория
https://shopmet.ru/catalog/hromovyy-poroshok,категория
https://shopmet.ru/catalog/kobaltovyy-poroshok,категория
https://shopmet.ru/catalog/lantanovyy-poroshok,категория
https://shopmet.ru/catalog/latunnyy-poroshok,категория
https://shopmet.ru/catalog/nikelevyy-poroshok,категория
https://shopmet.ru/catalog/niobievyy-poroshok,категория
https://shopmet.ru/catalog/olovyannyy-poroshok,категория
https://shopmet.ru/catalog/poroshok-alyuminievyy,категория
https://shopmet.ru/catalog/poroshok-bronzovyy,категория
https://shopmet.ru/catalog/poroshok-mednyy,категория
https://shopmet.ru/catalog/poroshok-molibdenovyy,категория
https://shopmet.ru/catalog/poroshok-nerzhaveyuschiy,категория
https://shopmet.ru/catalog/poroshok-svintsovyy,категория
https://shopmet.ru/catalog/poroshok-titanovyy,категория
https://shopmet.ru/catalog/poroshok-zheleznyy,категория
https://shopmet.ru/catalog/tsinkovyy-poroshok,категория
https://shopmet.ru/catalog/vanadievyy-poroshok,категория
https://shopmet.ru/catalog/pokovka,категория
https://shopmet.ru/catalog/kruglaya-pokovka,категория
https://shopmet.ru/catalog/pokovka-iz-kvadratnyh-zagotovok,категория
https://shopmet.ru/catalog/redkozemelnye-metally,категория
https://shopmet.ru/catalog/evropiy,категория
https://shopmet.ru/catalog/ittriy,категория
https://shopmet.ru/catalog/lantan,категория
https://shopmet.ru/catalog/reniy,категория
https://shopmet.ru/catalog/selen,категория
https://shopmet.ru/catalog/splav-zheleza,категория
https://shopmet.ru/catalog/surma-metall,категория
https://shopmet.ru/catalog/vismut,категория
https://shopmet.ru/catalog/metizy,категория
https://shopmet.ru/catalog/anker-regulirovochnyy,категория
https://shopmet.ru/catalog/bolt,категория
https://shopmet.ru/catalog/dyubeli,категория
https://shopmet.ru/catalog/fiksator-armatury,категория
https://shopmet.ru/catalog/gayka,категория
https://shopmet.ru/catalog/gvozdi,категория
https://shopmet.ru/catalog/homut,категория
https://shopmet.ru/catalog/kamlok,категория
https://shopmet.ru/catalog/klyaymery,категория
https://shopmet.ru/catalog/kontrgayka,категория
https://shopmet.ru/catalog/kronshteyn,категория
https://shopmet.ru/catalog/opora-balki,категория
https://shopmet.ru/catalog/plastina-perforirovannaya,категория
https://shopmet.ru/catalog/samorez,категория
https://shopmet.ru/catalog/shayba,категория
https://shopmet.ru/catalog/shpilka,категория
https://shopmet.ru/catalog/shplint,категория
https://shopmet.ru/catalog/shponka,категория
https://shopmet.ru/catalog/shtift-metallicheskiy,категория
https://shopmet.ru/catalog/shurup,категория
https://shopmet.ru/catalog/skoby-stroitelnye,категория
https://shopmet.ru/catalog/tsanga,категория
https://shopmet.ru/catalog/vint,категория
https://shopmet.ru/catalog/zaklepki,категория
https://shopmet.ru/catalog/nerzhaveyuschiy-metalloprokat,категория
https://shopmet.ru/catalog/dvutavr-nerzhaveyuschiy,категория
https://shopmet.ru/catalog/folga-nerzhaveyuschaya,категория
https://shopmet.ru/catalog/krug-nerzhaveyuschiy,категория
https://shopmet.ru/catalog/kvadrat-nerzhaveyuschiy,категория
https://shopmet.ru/catalog/lenta-nerzhaveyuschaya,категория
https://shopmet.ru/catalog/list-nerzhaveyuschiy,категория
https://shopmet.ru/catalog/lyuk-nerzhaveyuschiy,категория
https://shopmet.ru/catalog/lyuk-kruglyy,категория
https://shopmet.ru/catalog/lyuk-ovalnyy,категория
https://shopmet.ru/catalog/lyuk-pryamougolnyy,категория
https://shopmet.ru/catalog/polosa-nerzhaveyuschaya,категория
https://shopmet.ru/catalog/provoloka-nerzhaveyuschaya,категория
https://shopmet.ru/catalog/shestigrannik-nerzhaveyuschiy,категория
https://shopmet.ru/catalog/shveller-nerzhaveyuschiy,категория
https://shopmet.ru/catalog/tavr-nerzhaveyuschiy,категория
https://shopmet.ru/catalog/truba,категория
https://shopmet.ru/catalog/gofrirovannaya-nerzhaveyuschaya-truba,категория
https://shopmet.ru/catalog/truba-nerzhaveyuschaya,категория
https://shopmet.ru/catalog/truba-profilnaya-nerzhaveyuschaya,категория
https://shopmet.ru/catalog/ugolok-nerzhaveyuschiy,категория
https://shopmet.ru/catalog/oborudovanie,категория
https://shopmet.ru/catalog/elektrooborudovanie,категория
https://shopmet.ru/catalog/elektroprivod,категория
https://shopmet.ru/catalog/schit-elektricheskiy,категория
https://shopmet.ru/catalog/kesson,категория
https://shopmet.ru/catalog/kotel-parovoy,категория
https://shopmet.ru/catalog/nasos,категория
https://shopmet.ru/catalog/pozharnoe-oborudovanie,категория
https://shopmet.ru/catalog/gidrant-pozharnyy,категория
https://shopmet.ru/catalog/ognetushitel,категория
https://shopmet.ru/catalog/polotno-protivopozharnoe,категория
https://shopmet.ru/catalog/pozharnaya-podstavka,категория
https://shopmet.ru/catalog/pozharnaya-soedinitelnaya-golovka,категория
https://shopmet.ru/catalog/schit-pozharnyy,категория
https://shopmet.ru/catalog/shkaf-pozharnyy,категория
https://shopmet.ru/catalog/stvol-pozharnyy,категория
https://shopmet.ru/catalog/promyshlennoe-oborudovanie,категория
https://shopmet.ru/catalog/datchik-davleniya,категория
https://shopmet.ru/catalog/konveyernyy-rolik,категория
https://shopmet.ru/catalog/manometr,категория
https://shopmet.ru/catalog/podshipnik,категория
https://shopmet.ru/catalog/termometr,категория
https://shopmet.ru/catalog/truba-kvartsevaya,категория
https://shopmet.ru/catalog/venets-bronzovyy,категория
https://shopmet.ru/catalog/venets-latunnyy,категория
https://shopmet.ru/catalog/vodostruynyy-elevator,категория
https://shopmet.ru/catalog/otopitelnye-pribory,категория
https://shopmet.ru/catalog/alyuminievye-radiatory,категория
https://shopmet.ru/catalog/bimetallicheskie-radiatory,категория
https://shopmet.ru/catalog/chugunnye-radiatory,категория
https://shopmet.ru/catalog/ekran-na-batareyu,категория
https://shopmet.ru/catalog/probka-radiatornaya,категория
https://shopmet.ru/catalog/stalnye-radiatory,категория
https://shopmet.ru/catalog/polimernye-materialy,категория
https://shopmet.ru/catalog/ebonit-sterzhen,категория
https://shopmet.ru/catalog/fenoplast,категория
https://shopmet.ru/catalog/ftoroplast,категория
https://shopmet.ru/catalog/ftoroplast-sterzhnevoy,категория
https://shopmet.ru/catalog/list-ftoroplasta,категория
https://shopmet.ru/catalog/truba-ftoroplastovaya,категория
https://shopmet.ru/catalog/getinaks-listovoy,категория
https://shopmet.ru/catalog/kaprolon,категория
https://shopmet.ru/catalog/kaprolonovyy-sterzhen,категория
https://shopmet.ru/catalog/listovoy-kaprolon,категория
https://shopmet.ru/catalog/kauchuk,категория
https://shopmet.ru/catalog/mikanitovyy-list,категория
https://shopmet.ru/catalog/orgsteklo,категория
https://shopmet.ru/catalog/orgsteklo-listovoe,категория
https://shopmet.ru/catalog/sterzhen-iz-orgstekla,категория
https://shopmet.ru/catalog/truba-iz-orgstekla,категория
https://shopmet.ru/catalog/penokarton,категория
https://shopmet.ru/catalog/plastik-abs,категория
https://shopmet.ru/catalog/plastikovye-truby,категория
https://shopmet.ru/catalog/metalloplastikovaya-truba,категория
https://shopmet.ru/catalog/obsadnaya-truba-pe,категория
https://shopmet.ru/catalog/obsadnaya-truba-pvh,категория
https://shopmet.ru/catalog/pnd-truba,категория
https://shopmet.ru/catalog/polibutenovaya-truba,категория
https://shopmet.ru/catalog/truba-drenazhnaya,категория
https://shopmet.ru/catalog/truba-polipropilenovaya,категория
https://shopmet.ru/catalog/truba-pvh,категория
https://shopmet.ru/catalog/poliatsetal,категория
https://shopmet.ru/catalog/poliatsetal-listovoy,категория
https://shopmet.ru/catalog/sterzhen-poliatsetal,категория
https://shopmet.ru/catalog/polikarbonat,категория
https://shopmet.ru/catalog/list-polikarbonata,категория
https://shopmet.ru/catalog/polikarbonatnyy-sterzhen,категория
https://shopmet.ru/catalog/truba-iz-polikarbonata,категория
https://shopmet.ru/catalog/poliuretan,категория
https://shopmet.ru/catalog/list-poliuretanovyy,категория
https://shopmet.ru/catalog/poliuretan-sterzhen,категория
https://shopmet.ru/catalog/poliuretanovaya-polosa,категория
https://shopmet.ru/catalog/stekloplastik,категория
https://shopmet.ru/catalog/armatura-stekloplastikovaya,категория
https://shopmet.ru/catalog/stekloplastikovaya-setka,категория
https://shopmet.ru/catalog/stekloplastikovyy-ugolok,категория
https://shopmet.ru/catalog/truba-profilnaya-stekloplastikovaya,категория
https://shopmet.ru/catalog/truba-stekloplastikovaya,категория
https://shopmet.ru/catalog/steklotekstolit,категория
https://shopmet.ru/catalog/steklotekstolit-listovoy,категория
https://shopmet.ru/catalog/steklotekstolitovaya-truba,категория
https://shopmet.ru/catalog/sterzhen-steklotekstolitovyy,категория
https://shopmet.ru/catalog/sterzhen-pvh,категория
https://shopmet.ru/catalog/tekstolit,категория
https://shopmet.ru/catalog/listovoy-tekstolit,категория
https://shopmet.ru/catalog/sterzhen-tekstolitovyy,категория
https://shopmet.ru/catalog/provoloka,категория
https://shopmet.ru/catalog/bandazhnaya-provoloka,категория
https://shopmet.ru/catalog/kolyuchaya-provoloka-odnoryadnaya,категория
https://shopmet.ru/catalog/kolyuchaya-provoloka-oks,категория
https://shopmet.ru/catalog/kontrovochnaya-provoloka,категория
https://shopmet.ru/catalog/otsinkovannaya-provoloka,категория
https://shopmet.ru/catalog/poligraficheskaya-provoloka,категория
https://shopmet.ru/catalog/provoloka-dlya-pruzhinnyh-shayb,категория
https://shopmet.ru/catalog/provoloka-gvozdilnaya,категория
https://shopmet.ru/catalog/provoloka-holodnoy-vysadki,категория
https://shopmet.ru/catalog/provoloka-kanatnaya,категория
https://shopmet.ru/catalog/provoloka-naplavochnaya,категория
https://shopmet.ru/catalog/provoloka-panch-11,категория
https://shopmet.ru/catalog/provoloka-pretsizionnaya,категория
https://shopmet.ru/catalog/provoloka-s-polimernym-pokrytiem,категория
https://shopmet.ru/catalog/provoloka-uglerodistaya,категория
https://shopmet.ru/catalog/provoloka-vr,категория
https://shopmet.ru/catalog/pruzhinnaya-provoloka,категория
https://shopmet.ru/catalog/svarochnaya-provoloka,категория
https://shopmet.ru/catalog/vyazalnaya-provoloka,категория
https://shopmet.ru/catalog/rti,категория
https://shopmet.ru/catalog/formovye-izdeliya,категория
https://shopmet.ru/catalog/gryazesemnik,категория
https://shopmet.ru/catalog/koltso-rezinovoe,категория
https://shopmet.ru/catalog/konveyernaya-lenta,категория
https://shopmet.ru/catalog/kroshka-rezinovaya,категория
https://shopmet.ru/catalog/plastina-rezinovaya,категория
https://shopmet.ru/catalog/pokrytie-rezinovoe,категория
https://shopmet.ru/catalog/polosa-nabivochnaya-layon,категория
https://shopmet.ru/catalog/prokladka-pod-flanets,категория
https://shopmet.ru/catalog/remen-privodnoy,категория
https://shopmet.ru/catalog/rezinovaya-manzheta,категория
https://shopmet.ru/catalog/rezinovaya-vtulka,категория
https://shopmet.ru/catalog/rukav-rezinovyy,категория
https://shopmet.ru/catalog/shlang,категория
https://shopmet.ru/catalog/smes-rezinovaya,категория
https://shopmet.ru/catalog/tkan-prorezinennaya,категория
https://shopmet.ru/catalog/trubka-rezinovaya,категория
https://shopmet.ru/catalog/uplotnitel-rezinovyy,категория
https://shopmet.ru/catalog/vtulochno-paltsevaya-mufta,категория
https://shopmet.ru/catalog/setka,категория
https://shopmet.ru/catalog/armiruyuschaya-setka,категория
https://shopmet.ru/catalog/gabionnaya-setka,категория
https://shopmet.ru/catalog/riflenaya-setka,категория
https://shopmet.ru/catalog/setka-armaturnaya,категория
https://shopmet.ru/catalog/setka-dorozhnaya,категория
https://shopmet.ru/catalog/setka-kladochnaya,категория
https://shopmet.ru/catalog/setka-kruchenaya-mane,категория
https://shopmet.ru/catalog/setka-rabitsa,категория
https://shopmet.ru/catalog/setka-rukavnaya,категория
https://shopmet.ru/catalog/setka-sharnirnaya,категория
https://shopmet.ru/catalog/setka-stroitelnaya,категория
https://shopmet.ru/catalog/setka-tkanaya,категория
https://shopmet.ru/catalog/setka-tspvs,категория
https://shopmet.ru/catalog/shtukaturnaya-setka,категория
https://shopmet.ru/catalog/svarnaya-setka,категория
https://shopmet.ru/catalog/splavy-metallov,категория
https://shopmet.ru/catalog/alyumel,категория
https://shopmet.ru/catalog/bimetall,категория
https://shopmet.ru/catalog/bimetallicheskaya-lenta,категория
https://shopmet.ru/catalog/bimetallicheskaya-truba,категория
https://shopmet.ru/catalog/list-bimetallicheskiy,категория
https://shopmet.ru/catalog/polosa-bimetallicheskaya,категория
https://shopmet.ru/catalog/provoloka-bimetallicheskaya,категория
https://shopmet.ru/catalog/devarda,категория
https://shopmet.ru/catalog/fehral,категория
https://shopmet.ru/catalog/hromel,категория
https://shopmet.ru/catalog/inkonel,категория
https://shopmet.ru/catalog/ligatura,категория
https://shopmet.ru/catalog/medno-nikelevyy-splav,категория
https://shopmet.ru/catalog/konstantan,категория
https://shopmet.ru/catalog/kopel,категория
https://shopmet.ru/catalog/kunial,категория
https://shopmet.ru/catalog/manganin,категория
https://shopmet.ru/catalog/melhior,категория
https://shopmet.ru/catalog/neyzilber,категория
https://shopmet.ru/catalog/nitinol,категория
https://shopmet.ru/catalog/permalloy,категория
https://shopmet.ru/catalog/renievyy-splav,категория
https://shopmet.ru/catalog/silumin,категория
https://shopmet.ru/catalog/splav-roze,категория
https://shopmet.ru/catalog/splav-vuda,категория
https://shopmet.ru/catalog/stroitelnye-materialy,категория
https://shopmet.ru/catalog/abrazivnyy-poroshok,категория
https://shopmet.ru/catalog/beton,категория
https://shopmet.ru/catalog/bloki-stroitelnye,категория
https://shopmet.ru/catalog/elektroizolyatsionnye-materialy,категория
https://shopmet.ru/catalog/elektroizolyatsionnaya-trubka,категория
https://shopmet.ru/catalog/elektrotehnicheskiy-karton,категория
https://shopmet.ru/catalog/izolyatsionnaya-lenta,категория
https://shopmet.ru/catalog/lakotkan,категория
https://shopmet.ru/catalog/paronitovyy-list,категория
https://shopmet.ru/catalog/steklotkan,категория
https://shopmet.ru/catalog/steklovolokno,категория
https://shopmet.ru/catalog/fasadnye-materialy,категория
https://shopmet.ru/catalog/panel-fasadnaya,категория
https://shopmet.ru/catalog/planka-dlya-saydinga,категория
https://shopmet.ru/catalog/sayding,категория
https://shopmet.ru/catalog/georeshetka,категория
https://shopmet.ru/catalog/geotekstil,категория
https://shopmet.ru/catalog/gidroizolyatsiya,категория
https://shopmet.ru/catalog/gidroizolyatsiya-inektsionnaya,категория
https://shopmet.ru/catalog/gidroizolyatsiya-pronikayuschaya,категория
https://shopmet.ru/catalog/kirpich,категория
https://shopmet.ru/catalog/kleykaya-lenta,категория
https://shopmet.ru/catalog/listovye-materialy,категория
https://shopmet.ru/catalog/dsp,категория
https://shopmet.ru/catalog/dvp,категория
https://shopmet.ru/catalog/hdf,категория
https://shopmet.ru/catalog/ldsp,категория
https://shopmet.ru/catalog/list-fanery,категория
https://shopmet.ru/catalog/list-gvl,категория
https://shopmet.ru/catalog/list-mdf,категория
https://shopmet.ru/catalog/list-osb,категория
https://shopmet.ru/catalog/tssp-plita,категория
https://shopmet.ru/catalog/mramor,категория
https://shopmet.ru/catalog/nastil-reshetchatyy,категория
https://shopmet.ru/catalog/nerudnye-materialy,категория
https://shopmet.ru/catalog/keramzit,категория
https://shopmet.ru/catalog/pesok,категория
https://shopmet.ru/catalog/scheben,категория
https://shopmet.ru/catalog/vermikulit,категория
https://shopmet.ru/catalog/ograzhdenie-pklz,категория
https://shopmet.ru/catalog/osnastka-dlya-instrumenta,категория
https://shopmet.ru/catalog/abraziv,категория
https://shopmet.ru/catalog/bita,категория
https://shopmet.ru/catalog/bur,категория
https://shopmet.ru/catalog/freza,категория
https://shopmet.ru/catalog/koronka-burovaya,категория
https://shopmet.ru/catalog/sverlo,категория
https://shopmet.ru/catalog/otdelochnye-materialy,категория
https://shopmet.ru/catalog/keramogranit,категория
https://shopmet.ru/catalog/plitka,категория
https://shopmet.ru/catalog/pilomaterialy,категория
https://shopmet.ru/catalog/brus,категория
https://shopmet.ru/catalog/doska-polovaya,категория
https://shopmet.ru/catalog/neobreznaya-doska,категория
https://shopmet.ru/catalog/obreznaya-doska,категория
https://shopmet.ru/catalog/schit-mebelnyy,категория
https://shopmet.ru/catalog/plitka-trotuarnaya,категория
https://shopmet.ru/catalog/poddon,категория
https://shopmet.ru/catalog/polietilenovaya-plenka,категория
https://shopmet.ru/catalog/rulonnye-materialy,категория
https://shopmet.ru/catalog/sendvich-panel,категория
https://shopmet.ru/catalog/sistema-ograzhdeniy,категория
https://shopmet.ru/catalog/sypuchie-stroymaterialy-i-rastvory,категория
https://shopmet.ru/catalog/bentonit,категория
https://shopmet.ru/catalog/dobavka-v-beton,категория
https://shopmet.ru/catalog/fibra,категория
https://shopmet.ru/catalog/gips,категория
https://shopmet.ru/catalog/stroitelnaya-smes,категория
https://shopmet.ru/catalog/tsement,категория
https://shopmet.ru/catalog/teploizolyatsiya,категория
https://shopmet.ru/catalog/penoplast,категория
https://shopmet.ru/catalog/porolon,категория
https://shopmet.ru/catalog/svarochnye-materialy,категория
https://shopmet.ru/catalog/elektrody-dlya-svarki,категория
https://shopmet.ru/catalog/flyus,категория
https://shopmet.ru/catalog/gutri,категория
https://shopmet.ru/catalog/pripoy,категория
https://shopmet.ru/catalog/takelazh,категория
https://shopmet.ru/catalog/kanat,категория
https://shopmet.ru/catalog/kanat-dzhutovyy,категория
https://shopmet.ru/catalog/penkovyy-kanat,категория
https://shopmet.ru/catalog/poliamidnyy-kanat,категория
https://shopmet.ru/catalog/polipropilenovyy-kanat,категория
https://shopmet.ru/catalog/sizalevyy-kanat,категория
https://shopmet.ru/catalog/karabin,категория
https://shopmet.ru/catalog/koush,категория
https://shopmet.ru/catalog/remen-styazhnoy,категория
https://shopmet.ru/catalog/stropy,категория
https://shopmet.ru/catalog/strop-kanatnyy,категория
https://shopmet.ru/catalog/strop-tekstilnyy,категория
https://shopmet.ru/catalog/strop-tsepnoy,категория
https://shopmet.ru/catalog/talrep,категория
https://shopmet.ru/catalog/tros-nerzhaveyuschiy,категория
https://shopmet.ru/catalog/tros-stalnoy,категория
https://shopmet.ru/catalog/tsep,категория
https://shopmet.ru/catalog/zazhim-dlya-trosa,категория
https://shopmet.ru/catalog/trubnyy-prokat,категория
https://shopmet.ru/catalog/bu-truba,категория
https://shopmet.ru/catalog/burilnaya-truba,категория
https://shopmet.ru/catalog/elektrosvarnaya-truba,категория
https://shopmet.ru/catalog/goryachedeformirovannaya-truba,категория
https://shopmet.ru/catalog/holodnodeformirovannaya-truba,категория
https://shopmet.ru/catalog/krekingovaya-truba,категория
https://shopmet.ru/catalog/obsadnaya-stalnaya-truba,категория
https://shopmet.ru/catalog/otsinkovannaya-truba,категория
https://shopmet.ru/catalog/soedinitelnaya-truba,категория
https://shopmet.ru/catalog/spiralnovitaya-gofrirovannaya-truba,категория
https://shopmet.ru/catalog/truba-bu-profilnaya,категория
https://shopmet.ru/catalog/truba-kotelnaya,категория
https://shopmet.ru/catalog/truba-magistralnaya,категория
https://shopmet.ru/catalog/truba-nasosnokompressornaya,категория
https://shopmet.ru/catalog/truba-ovalnaya,категория
https://shopmet.ru/catalog/truba-plavnikovaya-kotelnaya,категория
https://shopmet.ru/catalog/truba-ploskoovalnaya,категория
https://shopmet.ru/catalog/truba-poluovalnaya,категория
https://shopmet.ru/catalog/truba-ppm,категория
https://shopmet.ru/catalog/truba-ppu,категория
https://shopmet.ru/catalog/truba-profilnaya,категория
https://shopmet.ru/catalog/truba-kvadratnaya,категория
https://shopmet.ru/catalog/truba-pryamougolnaya,категория
https://shopmet.ru/catalog/truba-treugolnaya,категория
https://shopmet.ru/catalog/truba-vodogazoprovodnaya,категория
https://shopmet.ru/catalog/truba-vus,категория
https://shopmet.ru/catalog/truboshpunt,категория
https://shopmet.ru/catalog/truboprovodnaya-armatura,категория
https://shopmet.ru/catalog/dnische,категория
https://shopmet.ru/catalog/filtr,категория
https://shopmet.ru/catalog/flanets,категория
https://shopmet.ru/catalog/chugunnyy-flanets,категория
https://shopmet.ru/catalog/flanets-alyuminievyy,категория
https://shopmet.ru/catalog/flanets-latunnyy,категория
https://shopmet.ru/catalog/flanets-nerzhaveyuschiy,категория
https://shopmet.ru/catalog/flanets-stalnoy,категория
https://shopmet.ru/catalog/plastikovyy-flanets,категория
https://shopmet.ru/catalog/titanovyy-flanets,категория
https://shopmet.ru/catalog/gryazevik,категория
https://shopmet.ru/catalog/izoliruyuschee-flantsevoe-soedinenie,категория
https://shopmet.ru/catalog/klapan,категория
https://shopmet.ru/catalog/chugunnyy-klapan,категория
https://shopmet.ru/catalog/klapan-bronzovyy,категория
https://shopmet.ru/catalog/klapan-plastikovyy,категория
https://shopmet.ru/catalog/klapan-stalnoy,категория
https://shopmet.ru/catalog/latunnyy-klapan,категория
https://shopmet.ru/catalog/nerzhaveyuschiy-klapan,категория
https://shopmet.ru/catalog/koltso-flantsa,категория
https://shopmet.ru/catalog/kompensator,категория
https://shopmet.ru/catalog/kondensatootvodchik,категория
https://shopmet.ru/catalog/kover-gazovyy,категория
https://shopmet.ru/catalog/kran,категория
https://shopmet.ru/catalog/kran-metallicheskiy,категория
https://shopmet.ru/catalog/kran-plastikovyy,категория
https://shopmet.ru/catalog/opora-truboprovoda,категория
https://shopmet.ru/catalog/sedelka-dlya-vrezki,категория
https://shopmet.ru/catalog/ventil,категория
https://shopmet.ru/catalog/bronzovyy-ventil,категория
https://shopmet.ru/catalog/latunnyy-ventil,категория
https://shopmet.ru/catalog/stalnoy-ventil,категория
https://shopmet.ru/catalog/titanovyy-ventil,категория
https://shopmet.ru/catalog/ventil-chugunnyy,категория
https://shopmet.ru/catalog/ventil-nerzhaveyuschiy,категория
https://shopmet.ru/catalog/ventil-plastikovyy,категория
https://shopmet.ru/catalog/zadvizhka,категория
https://shopmet.ru/catalog/chugunnaya-zadvizhka,категория
https://shopmet.ru/catalog/zadvizhka-latunnaya,категория
https://shopmet.ru/catalog/zadvizhka-nerzhaveyuschaya,категория
https://shopmet.ru/catalog/zadvizhka-stalnaya,категория
https://shopmet.ru/catalog/zatvor,категория
https://shopmet.ru/catalog/tsvetnoy-metalloprokat,категория
https://shopmet.ru/catalog/alyuminiy,категория
https://shopmet.ru/catalog/alyuminievaya-folga,категория
https://shopmet.ru/catalog/alyuminievaya-folga-izolyatsionnaya,категория
https://shopmet.ru/catalog/folga-alyuminievaya-tehnicheskaya,категория
https://shopmet.ru/catalog/folga-pischevaya-alyuminievaya,категория
https://shopmet.ru/catalog/alyuminievaya-lenta,категория
https://shopmet.ru/catalog/alyuminievaya-otlivka,категория
https://shopmet.ru/catalog/alyuminievaya-polosa,категория
https://shopmet.ru/catalog/alyuminievaya-truba,категория
https://shopmet.ru/catalog/alyuminievyy-krug,категория
https://shopmet.ru/catalog/alyuminievyy-kvadrat,категория
https://shopmet.ru/catalog/alyuminievyy-ugolok,категория
https://shopmet.ru/catalog/dyuralyuminievaya-provoloka,категория
https://shopmet.ru/catalog/katanka-alyuminievaya,категория
https://shopmet.ru/catalog/list-alyuminievyy,категория
https://shopmet.ru/catalog/profil-alyuminievyy,категория
https://shopmet.ru/catalog/provoloka-alyuminievaya,категория
https://shopmet.ru/catalog/shestigrannik-alyuminievyy,категория
https://shopmet.ru/catalog/shveller-alyuminievyy,категория
https://shopmet.ru/catalog/tavr-alyuminievyy,категория
https://shopmet.ru/catalog/truba-alyuminievaya-profilnaya,категория
https://shopmet.ru/catalog/truba-alyuminievaya-kvadratnaya,категория
https://shopmet.ru/catalog/truba-alyuminievaya-pryamougolnaya,категория
https://shopmet.ru/catalog/ugolok-dyuralevyy,категория
https://shopmet.ru/catalog/bronza,категория
https://shopmet.ru/catalog/bronzovaya-lenta,категория
https://shopmet.ru/catalog/bronzovaya-otlivka,категория
https://shopmet.ru/catalog/bronzovaya-setka,категория
https://shopmet.ru/catalog/bronzovyy-krug,категория
https://shopmet.ru/catalog/bronzovyy-kvadrat,категория
https://shopmet.ru/catalog/bronzovyy-list,категория
https://shopmet.ru/catalog/folga-bronzovaya,категория
https://shopmet.ru/catalog/polosa-bronzovaya,категория
https://shopmet.ru/catalog/provoloka-bronzovaya,категория
https://shopmet.ru/catalog/shestigrannik-bronzovyy,категория
https://shopmet.ru/catalog/truba-bronzovaya,категория
https://shopmet.ru/catalog/kadmiy,категория
https://shopmet.ru/catalog/kadmievaya-polosa,категория
https://shopmet.ru/catalog/kadmievyy-anod,категория
https://shopmet.ru/catalog/kadmiy-v-palochkah,категория
https://shopmet.ru/catalog/list-kadmievyy,категория
https://shopmet.ru/catalog/latun,категория
https://shopmet.ru/catalog/folga-latunnaya,категория
https://shopmet.ru/catalog/kvadrat-latunnyy,категория
https://shopmet.ru/catalog/latunnaya-lenta,категория
https://shopmet.ru/catalog/latunnaya-profilnaya-truba,категория
https://shopmet.ru/catalog/latunnaya-truba,категория
https://shopmet.ru/catalog/latunnyy-krug,категория
https://shopmet.ru/catalog/list-latunnyy,категория
https://shopmet.ru/catalog/polosa-latunnaya,категория
https://shopmet.ru/catalog/profil-latunnyy,категория
https://shopmet.ru/catalog/provoloka-latunnaya,категория
https://shopmet.ru/catalog/setka-latunnaya,категория
https://shopmet.ru/catalog/shestigrannik-latunnyy,категория
https://shopmet.ru/catalog/ugolok-latunnyy,категория
https://shopmet.ru/catalog/med,категория
https://shopmet.ru/catalog/anod-mednyy,категория
https://shopmet.ru/catalog/katod-mednyy,категория
https://shopmet.ru/catalog/mednaya-folga,категория
https://shopmet.ru/catalog/mednaya-katanka,категория
https://shopmet.ru/catalog/mednaya-lenta,категория
https://shopmet.ru/catalog/mednaya-provoloka,категория
https://shopmet.ru/catalog/mednaya-setka,категория
https://shopmet.ru/catalog/mednaya-truba,категория
https://shopmet.ru/catalog/mednyy-krug,категория
https://shopmet.ru/catalog/mednyy-kvadrat,категория
https://shopmet.ru/catalog/mednyy-list,категория
https://shopmet.ru/catalog/mednyy-profil,категория
https://shopmet.ru/catalog/mednyy-shestigrannik,категория
https://shopmet.ru/catalog/otlivka-iz-medi,категория
https://shopmet.ru/catalog/profilnaya-mednaya-truba,категория
https://shopmet.ru/catalog/shina-mednaya,категория
https://shopmet.ru/catalog/truba-medno-nikelevaya,категория
https://shopmet.ru/catalog/molibden,категория
https://shopmet.ru/catalog/folga-molibdenovaya,категория
https://shopmet.ru/catalog/list-molibdenovyy,категория
https://shopmet.ru/catalog/provoloka-molibdenovaya,категория
https://shopmet.ru/catalog/truba-molibdenovaya,категория
https://shopmet.ru/catalog/monel,категория
https://shopmet.ru/catalog/monelevyy-krug,категория
https://shopmet.ru/catalog/monelevyy-list,категория
https://shopmet.ru/catalog/nihrom,категория
https://shopmet.ru/catalog/lenta-nihromovaya,категория
https://shopmet.ru/catalog/nihromovaya-folga,категория
https://shopmet.ru/catalog/nihromovaya-provoloka,категория
https://shopmet.ru/catalog/nihromovaya-setka,категория
https://shopmet.ru/catalog/nihromovyy-krug,категория
https://shopmet.ru/catalog/nihromovyy-kvadrat,категория
https://shopmet.ru/catalog/nihromovyy-list,категория
https://shopmet.ru/catalog/nit-nihromovaya,категория
https://shopmet.ru/catalog/polosa-nihromovaya,категория
https://shopmet.ru/catalog/nikel,категория
https://shopmet.ru/catalog/anody-nikelevye,категория
https://shopmet.ru/catalog/folga-nikelevaya,категория
https://shopmet.ru/catalog/katod-nikelevyy,категория
https://shopmet.ru/catalog/krug-nikelevyy,категория
https://shopmet.ru/catalog/lenta-nikelevaya,категория
https://shopmet.ru/catalog/list-nikelevyy,категория
https://shopmet.ru/catalog/nikelevaya-plastina,категория
https://shopmet.ru/catalog/provoloka-nikelevaya,категория
https://shopmet.ru/catalog/setka-nikelevaya,категория
https://shopmet.ru/catalog/niobiy,категория
https://shopmet.ru/catalog/niobievaya-folga,категория
https://shopmet.ru/catalog/niobievaya-lenta,категория
https://shopmet.ru/catalog/provoloka-niobievaya,категория
https://shopmet.ru/catalog/olovo,категория
https://shopmet.ru/catalog/anody-olovyannye,категория
https://shopmet.ru/catalog/olovyannaya-provoloka,категория
https://shopmet.ru/catalog/olovyannyy-list,категория
https://shopmet.ru/catalog/olovyannyy-prutok,категория
https://shopmet.ru/catalog/svinets,категория
https://shopmet.ru/catalog/folga-svintsovaya,категория
https://shopmet.ru/catalog/list-svintsovyy,категория
https://shopmet.ru/catalog/plomba-svintsovaya,категория
https://shopmet.ru/catalog/svintsovaya-provoloka,категория
https://shopmet.ru/catalog/svintsovye-anody,категория
https://shopmet.ru/catalog/svintsovyy-krug,категория
https://shopmet.ru/catalog/tantal,категория
https://shopmet.ru/catalog/folga-tantalovaya,категория
https://shopmet.ru/catalog/provoloka-tantalovaya,категория
https://shopmet.ru/catalog/prutok-tantalovyy,категория
https://shopmet.ru/catalog/titan,категория
https://shopmet.ru/catalog/krug-titanovyy,категория
https://shopmet.ru/catalog/kvadrat-titanovyy,категория
https://shopmet.ru/catalog/lenta-titanovaya,категория
https://shopmet.ru/catalog/list-titanovyy,категория
https://shopmet.ru/catalog/polosa-titanovaya,категория
https://shopmet.ru/catalog/provoloka-titanovaya,категория
https://shopmet.ru/catalog/titanovaya-folga,категория
https://shopmet.ru/catalog/titanovaya-pokovka,категория
https://shopmet.ru/catalog/titanovyy-shestigrannik,категория
https://shopmet.ru/catalog/titanovyy-ugolok,категория
https://shopmet.ru/catalog/truba-titanovaya,категория
https://shopmet.ru/catalog/tsink,категория
https://shopmet.ru/catalog/anody-tsinkovye,категория
https://shopmet.ru/catalog/tsinkovaya-provoloka,категория
https://shopmet.ru/catalog/tsinkovyy-krug,категория
https://shopmet.ru/catalog/tsirkoniy,категория
https://shopmet.ru/catalog/provoloka-tsirkonievaya,категория
https://shopmet.ru/catalog/tsirkonievaya-folga,категория
https://shopmet.ru/catalog/tsirkonovyy-kontsentrat,категория
https://shopmet.ru/catalog/vanadiy,категория
https://shopmet.ru/catalog/list-vanadiya,категория
https://shopmet.ru/catalog/vanadievaya-folga,категория
https://shopmet.ru/catalog/volfram,категория
https://shopmet.ru/catalog/krug-volframovyy,категория
https://shopmet.ru/catalog/lenta-volframovaya,категория
https://shopmet.ru/catalog/list-volframovyy,категория
https://shopmet.ru/catalog/provoloka-volframovaya,категория
https://shopmet.ru/catalog/truba-volframovaya,категория
https://shopmet.ru/catalog/volframovaya-folga,категория
https://shopmet.ru/catalog/volframovaya-polosa,категория
https://shopmet.ru/catalog/vodootvod,категория
https://shopmet.ru/catalog/dozhdepriemnik,категория
https://shopmet.ru/catalog/koltso-plastikovoe,категория
https://shopmet.ru/catalog/lyuk-kanalizatsionnyy,категория
https://shopmet.ru/catalog/lyuk-chugunnyy,категория
https://shopmet.ru/catalog/lyuk-plastikovyy,категория
https://shopmet.ru/catalog/trapy,категория
https://shopmet.ru/catalog/chugunnyy-trap,категория
https://shopmet.ru/catalog/plastikovyy-trap,категория
https://shopmet.ru/catalog/trap-nerzhaveyuschiy,категория
https://shopmet.ru/catalog/vodostochnaya-sistema,категория
https://shopmet.ru/catalog/koleno-truby,категория
https://shopmet.ru/catalog/kronshteyn-zheloba,категория
https://shopmet.ru/catalog/otliv-vodostochnoy-truby,категория
https://shopmet.ru/catalog/otvod-vodostochnyy,категория
https://shopmet.ru/catalog/soedinitel-zheloba-vodostoka,категория
https://shopmet.ru/catalog/troynik-dlya-vodostochnoy-sistemy,категория
https://shopmet.ru/catalog/truba-vodostochnaya,категория
https://shopmet.ru/catalog/ugol-zheloba-vodostoka,категория
https://shopmet.ru/catalog/vodostochnaya-voronka,категория
https://shopmet.ru/catalog/vodostochnyy-zhelob,категория
https://shopmet.ru/catalog/zaglushka-zheloba-vodostochnogo,категория
https://shopmet.ru/catalog/vozduhovod,категория
https://shopmet.ru/catalog/deflektor,категория
https://shopmet.ru/catalog/drossel-klapan-dlya-ventilyatsii,категория
https://shopmet.ru/catalog/fankoyl,категория
https://shopmet.ru/catalog/gibkaya-ventilyatsionnaya-truba,категория
https://shopmet.ru/catalog/krestovina-dlya-ventilyatsii,категория
https://shopmet.ru/catalog/mufta-vozduhovoda,категория
https://shopmet.ru/catalog/nippel-vozduhovoda,категория
https://shopmet.ru/catalog/opora-vozduhovoda,категория
https://shopmet.ru/catalog/otvod-vozduhovoda,категория
https://shopmet.ru/catalog/otvod-dlya-kruglyh-vozduhovodov,категория
https://shopmet.ru/catalog/otvod-pryamougolnogo-vozduhovoda,категория
https://shopmet.ru/catalog/perehodnik-ventilyatsionnyy,категория
https://shopmet.ru/catalog/pryamougolnyy-vozduhovod,категория
https://shopmet.ru/catalog/shiber-ventilyatsionnyy,категория
https://shopmet.ru/catalog/shumoglushitel,категория
https://shopmet.ru/catalog/kruglyy-shumoglushitel,категория
https://shopmet.ru/catalog/pryamougolnyy-shumoglushitel,категория
https://shopmet.ru/catalog/troynik-dlya-ventilyatsii,категория
https://shopmet.ru/catalog/ventilyatsionnaya-reshetka,категория
https://shopmet.ru/catalog/vozduhovod-kruglyy,категория
https://shopmet.ru/catalog/vrezka,категория
https://shopmet.ru/catalog/vrezka-kruglaya,категория
https://shopmet.ru/catalog/vrezka-vozduhovoda-pryamougolnaya,категория
https://shopmet.ru/catalog/vstavka,категория
https://shopmet.ru/catalog/gibkaya-vstavka,категория
https://shopmet.ru/catalog/vstavka-gibkaya-pryamougolnaya,категория
https://shopmet.ru/catalog/zaglushka-ventilyatsionnaya,категория
https://shopmet.ru/catalog/zont,категория
https://shopmet.ru/catalog/zont-kruglyy,категория
https://shopmet.ru/catalog/zont-pryamougolnyy-ventilyatsionnyy,категория
https://shopmet.ru/catalog/zhbi,категория
https://shopmet.ru/catalog/balka,категория
https://shopmet.ru/catalog/blok,категория
https://shopmet.ru/catalog/dnische-zhelezobetonnoe,категория
https://shopmet.ru/catalog/elementy-zhbi,категория
https://shopmet.ru/catalog/fundament,категория
https://shopmet.ru/catalog/kamen-bordyurnyy,категория
https://shopmet.ru/catalog/kamera,категория
https://shopmet.ru/catalog/kolodets,категория
https://shopmet.ru/catalog/kolonna,категория
https://shopmet.ru/catalog/koltso,категория
https://shopmet.ru/catalog/kosour,категория
https://shopmet.ru/catalog/kozyrek-vhoda,категория
https://shopmet.ru/catalog/kryshka-kolodtsa,категория
https://shopmet.ru/catalog/lestnichnaya-ploschadka,категория
https://shopmet.ru/catalog/lezhen,категория
https://shopmet.ru/catalog/lotok,категория
https://shopmet.ru/catalog/ogolovok,категория
https://shopmet.ru/catalog/ogranichiteli-proezda,категория
https://shopmet.ru/catalog/opory,категория
https://shopmet.ru/catalog/peremychka,категория
https://shopmet.ru/catalog/plita,категория
https://shopmet.ru/catalog/podkladka-pod-blok,категория
https://shopmet.ru/catalog/podnozhnik-zhelezobetonnyy,категория
https://shopmet.ru/catalog/podushka,категория
https://shopmet.ru/catalog/pristavka-zhelezobetonnaya,категория
https://shopmet.ru/catalog/progony,категория
https://shopmet.ru/catalog/rigel-zhelezobetonnyy,категория
https://shopmet.ru/catalog/shahtnaya-zatyazhka,категория
https://shopmet.ru/catalog/stena,категория
https://shopmet.ru/catalog/stolb-betonnyy,категория
https://shopmet.ru/catalog/stoyka-zhelezobetonnaya,категория
https://shopmet.ru/catalog/stupeni,категория
https://shopmet.ru/catalog/tetrapody,категория
https://shopmet.ru/catalog/truba-zhbi,категория
https://shopmet.ru/catalog/utyazhelitel-zhelezobetonnyy,категория
https://shopmet.ru/catalog/vodootliv,категория
https://shopmet.ru/catalog/zhelezobetonnaya-ferma,категория
https://shopmet.ru/catalog/zhelezobetonnaya-polurama,категория
https://shopmet.ru/catalog/zvenya,категория
