domain,city,phone_seo,phone_ad,phone_common,all_phones,email,address,country,telegram,whatsapp,yandex_map_url,twogis_map_url,google_map_url
stalmetural.ru,Москва,7 (499) 130-60-28,7 (499) 130-07-86,7 (499) 130-36-69,4991303669;9031303669;4991300786;9031300786;4991306028;9031306028,msk@stalmetural.ru,"улица Люблинская, 151",Россия,smu_manager2,7-903-130-36-69,https://yandex.ru/maps/org/stalmetural/128446144797/,https://2gis.ru/moscow/firm/70000001077855514/,
spb.stalmetural.ru,Санкт-Петербург,7 (812) 703-86-65,7 (812) 985-86-88,7 (812) 983-13-66,8129831366;9052231366;8129858688;9626858688;8127038665;9052038665;9030846889,spb@stalmetural.ru,"улица Воронежская, 96",Россия,smu_manager,7-903-084-68-89,https://yandex.ru/maps/org/stalmetural/229648692343/,https://2gis.ru/spb/firm/70000001061171141/,
novosibirsk.stalmetural.ru,Новосибирск,7 (383) 263-09-98,7 (383) 255-86-80,7 (383) 263-06-60,3832630660;9039000660;3832558680;9628358680;3832630998;9039000998,novosibirsk@stalmetural.ru,"улица ​Максима Горького, 79",Россия,smu_manager3,7-903-900-06-60,https://yandex.ru/maps/org/stalmetural/79868830395/,https://2gis.ru/novosibirsk/firm/70000001061170329/,
ekaterinburg.stalmetural.ru,Екатеринбург,7 (343) 266-31-16,7 (343) 266-33-39,7 (343) 288-75-86,3432887586;9030846889;3432663339;9030863339;3432663116;9030863116,ekb@stalmetural.ru,"улица Данилы Зверева, 31литS",Россия,smu_manager,7-903-084-68-89,https://yandex.ru/maps/org/stalmetural/1143534003/,https://2gis.ru/ekaterinburg/firm/70000001056078519,"https://www.google.com/maps/place/%D0%A1%D1%82%D0%B0%D0%BB%D1%8C%D0%BC%D0%B5%D1%82%D1%83%D1%80%D0%B0%D0%BB/@56.8699711,60.6492086,17z/data=!3m1!4b1!4m6!3m5!1s0x43c17277af2ed41f:0x2bb7b8bea0983127!8m2!3d56.8699711!4d60.6517889!16s%2Fg%2F1hf2l4gsp?entry=ttu&g_ep=EgoyMDI2MDYwMy4xIKXMDSoASAFQAw%3D%3D"
kazan.stalmetural.ru,Казань,7 (843) 259-00-86,7 (843) 253-36-78,7 (843) 253-86-26,8432538626;9033888626;8432533678;9033053678;8432590086;9625590086;9030846889,kazan@stalmetural.ru,"улица ​Пушкина, 52",Россия,smu_manager,7-903-084-68-89,https://yandex.ru/maps/org/stalmetural/104913644514/,https://2gis.ru/kazan/firm/70000001061186100/,
n-novgorod.stalmetural.ru,Нижний Новгород,,7 (962) 388-79-12,7 (831) 414-00-86,8314140086;9036010086;9623887912;9030846889,novgorod@stalmetural.ru,"улица ​Рождественская, 13",Россия,smu_manager,7-903-084-68-89,https://yandex.ru/maps/org/stalmetural/228494005767/,https://2gis.ru/n_novgorod/firm/70000001061161101/,
krasnoyarsk.stalmetural.ru,Красноярск,,7 (962) 388-79-12,7 (391) 271-36-98,3912713698;9631913698;9623887912;9039000660,krasnoyarsk@stalmetural.ru,"улица ​Карла Маркса, 95к1",Россия,smu_manager3,7-903-900-06-60,https://yandex.ru/maps/org/stalmetural/15441991925/,https://2gis.ru/krasnoyarsk/firm/70000001061178934/,
chelyabinsk.stalmetural.ru,Челябинск,7 (351) 216-08-81,7 (351) 216-30-08,7 (351) 216-03-86,3512160386;9678620386;3512163008;9624853008;3512160881;9624850881;9030846889,chel@stalmetural.ru,"улица Карла Маркса, 52",Россия,smu_manager,7-903-084-68-89,https://yandex.ru/maps/org/stalmetural/109304409570/,https://2gis.ru/chelyabinsk/firm/70000001028034594/,
ufa.stalmetural.ru,Уфа,,7 (962) 388-79-12,7 (347) 299-68-60,3472996860;9608006860;9623887912;9030846889,ufa@stalmetural.ru,"улица Юрия Гагарина, 6",Россия,smu_manager,7-903-084-68-89,https://yandex.ru/maps/org/stalmetural/150969111377/,https://2gis.ru/ufa/firm/70000001061162911/,
samara.stalmetural.ru,Самара,7 (846) 221-00-67,7 (846) 221-81-55,7 (846) 221-08-85,8462210885;9033010885;8462218155;9033013155;8462210067;9033010067;9030846889,samara@stalmetural.ru,"улица Ярмарочная, 55",Россия,smu_manager,7-903-084-68-89,https://yandex.ru/maps/org/stalmetural/106823264193/,https://2gis.ru/samara/firm/70000001061161107/,
rostov-na-donu.stalmetural.ru,Ростов-на-Дону,,7 (962) 388-79-12,7 (863) 221-10-96,8632211096;9034011096;9623887912;9030846889,rostov-na-donu@stalmetural.ru,"улица ​Текучёва, 234",Россия,smu_manager,7-903-084-68-89,https://yandex.ru/maps/org/stalmetural/151218579478/,https://2gis.ru/rostov/firm/70000001061172574,
krasnodar.stalmetural.ru,Краснодар,7 (861) 944-06-86,7 (861) 944-03-36,7 (861) 944-80-66,8619448066;9034118066;8619440336;9034110336;8619440686;9034110686;9030846889,krasnodar@stalmetural.ru,"улица ​Красноармейская, 43",Россия,smu_manager,7-903-084-68-89,https://yandex.ru/maps/org/stalmetural/4393581902/,https://2gis.ru/krasnodar/firm/70000001060441667/,
omsk.stalmetural.ru,Омск,,7 (962) 388-79-12,7 (381) 238-16-68,3812381668;9039271668;9623887912;9030846889,omsk@stalmetural.ru,"улица ​Декабристов, 45",Россия,smu_manager,7-903-084-68-89,https://yandex.ru/maps/org/stalmetural/37158767109/,https://2gis.ru/omsk/firm/70000001061187984/,
voronezh.stalmetural.ru,Воронеж,,7 (962) 388-79-12,7 (473) 251-60-99,4732516099;9036516099;9623887912;9030846889,voronezh@stalmetural.ru,"​улица Ленина, 104Б",Россия,smu_manager,7-903-084-68-89,https://yandex.ru/maps/org/stalmetural/143885893091/,https://2gis.ru/voronezh/firm/70000001061140626/,
perm.stalmetural.ru,Пермь,7 (342) 259-80-16,7 (342) 259-61-66,7 (342) 259-26-88,3422592688;9641902688;3422596166;9655581166;3422598016;9655700016;9030846889,perm@stalmetural.ru,"улица Сухобруса, 27",Россия,smu_manager,7-903-084-68-89,https://yandex.ru/maps/org/stalmetural/60916044440/,https://2gis.ru/perm/firm/70000001035695882/,"https://www.google.com/maps/place/%D0%A1%D1%82%D0%B0%D0%BB%D1%8C%D0%BC%D0%B5%D1%82%D1%83%D1%80%D0%B0%D0%BB/@57.4318809,57.0946966,8z/data=!4m10!1m2!2m1!1z0L_QtdGA0LzRjCDRgdGC0LDQu9GM0LzQtdGC0YPRgNCw0Ls!3m6!1s0x43e8c0d1099df8a3:0x7ff65844c2064aef!8m2!3d58.0076171!4d56.1804834!15sCiPQv9C10YDQvNGMINGB0YLQsNC70YzQvNC10YLRg9GA0LDQu5IBHnJvbGxlZF9tZXRhbF9wcm9kdWN0c19zdXBwbGllcuABAA!16s%2Fg%2F12hkjqd1p?entry=ttu&g_ep=EgoyMDI2MDYwMy4xIKXMDSoASAFQAw%3D%3D"
volgograd.stalmetural.ru,Волгоград,,7 (962) 388-79-12,7 (844) 260-59-57,8442605957;9627595957;9623887912;9030846889,volgograd@stalmetural.ru,"улица ​Калинина, 2А",Россия,smu_manager,7-903-084-68-89,https://yandex.ru/maps/org/stalmetural/125165367563/,https://2gis.ru/volgograd/firm/70000001060440636/,
saratov.stalmetural.ru,Саратов,,7 (962) 388-79-12,7 (845) 265-26-61,8452652661;9063072661;9623887912;9030846889,saratov@stalmetural.ru,"улица ​Чернышевского, 90",Россия,smu_manager,7-903-084-68-89,https://yandex.ru/maps/org/stalmetural/111407283130/,https://2gis.ru/saratov/firm/70000001061164630/,
tyumen.stalmetural.ru,Тюмень,7 (345) 253-13-88,7 (345) 253-06-55,7 (345) 253-16-98,3452531698;9634521698;3452530655;9634520655;3452531388;9634521388;9030846889,tymen@stalmetural.ru,"улица Коммунистическая, 16А",Россия,smu_manager,7-903-084-68-89,https://yandex.ru/maps/org/stalmetural/22517749446/,https://2gis.ru/tyumen/firm/70000001026493897/,"https://www.google.com/maps/place/%D0%A1%D1%82%D0%B0%D0%BB%D1%8C%D0%BC%D0%B5%D1%82%D1%83%D1%80%D0%B0%D0%BB/@57.17178,65.5081527,17z/data=!3m1!4b1!4m6!3m5!1s0x43bbe3c6726247e5:0xfcc092b4f35505f1!8m2!3d57.17178!4d65.510733!16s%2Fg%2F12hp6d7tk?entry=ttu&g_ep=EgoyMDI2MDYwMy4xIKXMDSoASAFQAw%3D%3D"
tolyatti.stalmetural.ru,Тольятти,,7 (962) 388-79-12,7 (848) 241-76-60,8482417660;9626117660;9623887912;9030846889,tolyatti@stalmetural.ru,"улица ​40 лет Победы, 65Б",Россия,smu_manager,7-903-084-68-89,https://yandex.ru/maps/org/stalmetural/181035892675/,https://2gis.ru/togliatti/firm/70000001061161298/,
barnaul.stalmetural.ru,Барнаул,,7 (962) 388-79-12,7 (385) 299-68-81,3852996881;9640866881;9623887912;9039000660,barnaul@stalmetural.ru,"улица Максима Горького, 22а",Россия,smu_manager3,7-903-900-06-60,https://yandex.ru/maps/org/stalmetural/99764580978/,https://2gis.ru/barnaul/firm/70000001077862787,
izhevsk.stalmetural.ru,Ижевск,,7 (962) 388-79-12,7 (341) 232-13-36,3412321336;9658421336;9623887912;9030846889,izhevsk@stalmetural.ru,"улица Ленина, 21",Россия,smu_manager,7-903-084-68-89,https://yandex.ru/maps/org/stalmetural/243155492091/,https://2gis.ru/izhevsk/firm/70000001061188030/,
habarovsk.stalmetural.ru,Хабаровск,,7 (962) 388-79-12,7 (421) 268-05-56,4212680556;9098020556;9623887912;9039000660,habarovsk@stalmetural.ru,"улица Владивостокская, 16",Россия,smu_manager3,7-903-900-06-60,https://yandex.ru/maps/org/stalmetural/90492027885/,https://2gis.ru/khabarovsk/firm/70000001061178051/,
ulyanovsk.stalmetural.ru,Ульяновск,,7 (962) 388-79-12,7 (842) 271-36-69,8422713669;9677713669;9623887912;9030846889,ulyanovsk@stalmetural.ru,"улица Бебеля, 11",Россия,smu_manager,7-903-084-68-89,https://yandex.ru/maps/org/stalmetural/157111470951/,https://2gis.ru/ulyanovsk/firm/70000001061195273/,
irkutsk.stalmetural.ru,Иркутск,,7 (962) 388-79-12,7 (395) 294-37-34,3952943734;9643503734;9623887912;9039000660,irkutsk@stalmetural.ru,"улица ​Советская, 3Б",Россия,smu_manager3,7-903-900-06-60,https://yandex.ru/maps/org/stalmetural/114272803228/,https://2gis.ru/irkutsk/firm/70000001061178624/,
vladivostok.stalmetural.ru,Владивосток,,7 (962) 388-79-12,7 (423) 254-61-86,4232546186;9025246186;9623887912;9039000660,vladivostok@stalmetural.ru,"улица Некрасовская, 49",Россия,smu_manager3,7-903-900-06-60,https://yandex.ru/maps/org/stalmetural/69226317142/,https://2gis.ru/vladivostok/firm/70000001061179268/,
yaroslavl.stalmetural.ru,Ярославль,,7 (962) 388-79-12,7 (485) 259-58-83,4852595883;9066395883;9623887912;9030846889,yaroslavl@stalmetural.ru,"улица Угличская, 39",Россия,smu_manager,7-903-084-68-89,https://yandex.ru/maps/org/stalmetural/69707249429/,https://2gis.ru/yaroslavl/firm/70000001061168278/,
sevastopol.stalmetural.ru,Севастополь,,7 (962) 388-79-12,7 (903) 084-68-89,9030846889;9623887912,krym@stalmetural.ru,"улица Руднева, 35Д",Россия,smu_manager,7-903-084-68-89,https://yandex.ru/maps/org/stalmetural/199208306761/,https://2gis.ru/sevastopol/firm/70000001061113809/,
stavropol.stalmetural.ru,Ставрополь,,7 (962) 388-79-12,7 (865) 240-47-88,8652404788;9624404788;9623887912;9030846889,stavropol@stalmetural.ru,"​проспект Карла Маркса, 63",Россия,smu_manager,7-903-084-68-89,https://yandex.ru/maps/org/stalmetural/46169435404/,https://2gis.ru/stavropol/firm/70000001061161228/,
tomsk.stalmetural.ru,Томск,,7 (962) 388-79-12,7 (382) 223-80-66,3822238066;9095438066;9623887912;9030846889,tomsk@stalmetural.ru,"​проспект Фрунзе, 25",Россия,smu_manager,7-903-084-68-89,https://yandex.ru/maps/org/stalmetural/206814184572/,https://2gis.ru/tomsk/firm/70000001061187956/,
kemerovo.stalmetural.ru,Кемерово,,7 (962) 388-79-12,7 (384) 224-02-66,3842240266;9618660266;9623887912;9039000660,kemerovo@stalmetural.ru,"улица 50 лет Октября, 11",Россия,smu_manager3,7-903-900-06-60,https://yandex.ru/maps/org/stalmetural/193160798189/,https://2gis.ru/kemerovo/firm/70000001061211113/,
naberezhnye-chelny.stalmetural.ru,Набережные Челны,,7 (962) 388-79-12,7 (855) 221-60-68,8552216068;9673796068;9623887912;9030846889,chelny@stalmetural.ru,"проспект Хасана Туфана, 12",Россия,smu_manager,7-903-084-68-89,https://yandex.ru/maps/org/stalmetural/115566834910/,https://2gis.ru/nabchelny/firm/70000001061161071/,"https://www.google.com/maps/place/%D0%A1%D1%82%D0%B0%D0%BB%D1%8C%D0%BC%D0%B5%D1%82%D1%83%D1%80%D0%B0%D0%BB/@55.7410252,52.4115568,17z/data=!3m1!4b1!4m6!3m5!1s0x43e01f37966ad621:0x2b73f65ec6ef22ff!8m2!3d55.7410252!4d52.4141371!16s%2Fg%2F11t33p52d0?entry=ttu&g_ep=EgoyMDI2MDYwMy4xIKXMDSoASAFQAw%3D%3D"
orenburg.stalmetural.ru,Оренбург,,7 (962) 388-79-12,7 (353) 220-03-88,3532200388;9033600388;9623887912;9030846889,orenburg@stalmetural.ru,"проспект Победы, 114В",Россия,smu_manager,7-903-084-68-89,https://yandex.ru/maps/org/stalmetural/121367618818/,https://2gis.ru/orenburg/firm/70000001061161844/,
novokuznetsk.stalmetural.ru,Новокузнецк,,7 (962) 388-79-12,7 (384) 358-33-86,3843583386;9618663386;9623887912;9039000660,novokuzneck@stalmetural.ru,"​проспект Николая Ермакова, 1к2",Россия,smu_manager3,7-903-900-06-60,https://yandex.ru/maps/org/stalmetural/19136488587/,https://2gis.ru/novokuznetsk/firm/70000001061171678/,
ryazan.stalmetural.ru,Рязань,,7 (962) 388-79-12,7 (491) 299-03-66,4912990366;9038390366;9623887912;9031303669,ryazan@stalmetural.ru,"Московское шоссе, 20",Россия,smu_manager2,7-903-130-36-69,https://yandex.ru/maps/org/stalmetural/106228311300/,https://2gis.ru/ryazan/firm/70000001061190828/,
cheboksary.stalmetural.ru,Чебоксары,,7 (962) 388-79-12,7 (835) 221-23-36,8352212336;9623212336;9623887912;9030846889,cheboksary@stalmetural.ru,"проспект Максима Горького, 18Б",Россия,smu_manager,7-903-084-68-89,https://yandex.ru/maps/org/stalmetural/158032472122/,https://2gis.ru/cheboksary/firm/70000001061171186/,
kaliningrad.stalmetural.ru,Калининград,,7 (962) 388-79-12,7 (401) 237-63-68,4012376368;9062376368;9623887912;9030846889,kaliningrad@stalmetural.ru,"улица ​Фрунзе, 6в",Россия,smu_manager,7-903-084-68-89,https://yandex.ru/maps/org/stalmetural/242745077439/,https://2gis.ru/kaliningrad/firm/70000001061171670/,
penza.stalmetural.ru,Пенза,,7 (962) 388-79-12,7 (841) 229-18-86,8412291886;9631091886;9623887912;9030846889,penza@stalmetural.ru,"​улица Максима Горького, 34/56",Россия,smu_manager,7-903-084-68-89,https://yandex.ru/maps/org/stalmetural/3917046611/,https://2gis.ru/penza/firm/70000001061165014/,
lipetsk.stalmetural.ru,Липецк,,7 (962) 388-79-12,7 (474) 290-50-56,4742905056;9623505056;9623887912;9031303669,lipeck@stalmetural.ru,"площадь Петра Великого, 5",Россия,smu_manager2,7-903-130-36-69,https://yandex.ru/maps/org/stalmetural/215418235431/,https://2gis.ru/lipetsk/firm/70000001061163836/,
kirov.stalmetural.ru,Киров,,7 (962) 388-79-12,7 (833) 220-55-57,8332205557;9642505557;9623887912;9030846889,kirov@stalmetural.ru,"улица Профсоюзная, 1",Россия,smu_manager,7-903-084-68-89,https://yandex.ru/maps/org/stalmetural/195480915352/,https://2gis.ru/kirov/firm/70000001061169403/,
astrahan.stalmetural.ru,Астрахань,,7 (962) 388-79-12,7 (851) 228-39-98,8512283998;9678383998;9623887912,astr@stalmetural.ru,"улица Победы, 41",Россия,smu_manager,7-903-084-68-89,https://yandex.ru/maps/org/stalmetural/159864649139/,https://2gis.ru/astrakhan/firm/70000001060438155/,
tula.stalmetural.ru,Тула,,7 (962) 388-79-12,7 (487) 238-56-68,4872385668;9038405668;9623887912;9031303669,tula@stalmetural.ru,"проспект Красноармейский, 7",Россия,smu_manager2,7-903-130-36-69,https://yandex.ru/maps/org/stalmetural/241791752486/,https://2gis.ru/tula/firm/70000001061163279/,
sochi.stalmetural.ru,Сочи,,7 (962) 388-79-12,7 (862) 259-03-36,8622590336;9667790336;9623887912;9030846889,sochi@stalmetural.ru,"улица ​Навагинская, 7",Россия,smu_manager,7-903-084-68-89,https://yandex.ru/maps/org/stalmetural/144807514064/,https://2gis.ru/sochi/firm/70000001061189219/,
kursk.stalmetural.ru,Курск,,7 (962) 388-79-12,7 (471) 222-06-65,4712220665;9623800665;9623887912;9031303669,kursk@stalmetural.ru,"улица Радищева, 5",Россия,smu_manager2,7-903-130-36-69,https://yandex.ru/maps/org/stalmetural/200358419533/,https://2gis.ru/kursk/firm/70000001083294197/,
surgut.stalmetural.ru,Сургут,,7 (962) 388-79-12,7 (346) 231-03-77,3462310377;9634920377;9623887912;9030846889,surgut@stalmetural.ru,"улица 50 лет ВЛКСМ, 1",Россия,smu_manager,7-903-084-68-89,https://yandex.ru/maps/org/stalmetural/96920197977/,https://2gis.ru/surgut/firm/70000001065136652/,"https://www.google.com/maps/place/%D0%A1%D1%82%D0%B0%D0%BB%D1%8C%D0%BC%D0%B5%D1%82%D1%83%D1%80%D0%B0%D0%BB/@61.2545388,73.3987987,17z/data=!3m1!4b1!4m6!3m5!1s0x43739745d3a30605:0x9e76f1a1c0d2990f!8m2!3d61.2545388!4d73.401379!16s%2Fg%2F12hkljp4y?entry=ttu&g_ep=EgoyMDI2MDYwMy4xIKXMDSoASAFQAw%3D%3D"
tver.stalmetural.ru,Тверь,,7 (962) 388-79-12,7 (482) 268-03-66,4822680366;9038080366;9623887912;9031303669,tver@stalmetural.ru,"улица Новоторжская, 18к1",Россия,smu_manager2,7-903-130-36-69,https://yandex.ru/maps/org/stalmetural/135893396594,https://2gis.ru/tver/firm/70000001092519644,
magnitogorsk.stalmetural.ru,Магнитогорск,,7 (962) 388-79-12,7 (351) 216-65-51,3512166551;9624876551;9623887912;9030846889,magnitogorsk@stalmetural.ru,"​проспект Ленина, 94а",Россия,smu_manager,7-903-084-68-89,https://yandex.ru/maps/org/stalmetural/6832131523/,https://2gis.ru/magnitogorsk/firm/70000001061164000/,
bryansk.stalmetural.ru,Брянск,,7 (962) 388-79-12,7 (483) 237-01-08,4832370108;9051770108;9623887912;9031303669,bryansk@stalmetural.ru,"улица ​Бежицкая, 286",Россия,smu_manager2,7-903-130-36-69,https://yandex.ru/maps/org/stalmetural/147599160636/,,
yakutsk.stalmetural.ru,Якутск,,7 (962) 388-79-12,7 (411) 224-06-68,4112240668;9681540668;9623887912;9039000660,yakutsk@stalmetural.ru,"улица Кирова, 18 блок В",Россия,smu_manager3,7-903-900-06-60,https://yandex.ru/maps/org/stalmetural/178629597919/,https://2gis.ru/yakutsk/firm/70000001061178037/,
ivanovo.stalmetural.ru,Иваново,,7 (962) 388-79-12,7 (493) 234-30-83,4932343083;9051093083;9623887912;9030846889,ivanovo@stalmetural.ru,"проспект Шереметьевский, 85Г",Россия,smu_manager,7-903-084-68-89,https://yandex.ru/maps/org/stalmetural/49538817508/,https://2gis.ru/ivanovo/firm/70000001061169780/,
vladimir.stalmetural.ru,Владимир,,7 (962) 388-79-12,7 (903) 084-68-89,9030846889;9623887912,vladimir@stalmetural.ru,"улица Большая Нижегородская, 34Б",Россия,smu_manager,7-903-084-68-89,https://yandex.ru/maps/org/stalmetural/88020615771/,,
chita.stalmetural.ru,Чита,,7 (962) 388-79-12,7 (302) 224-56-66,3022245666;9681605666;9623887912;9039000660,chita@stalmetural.ru,"улица Шилова, 35А",Россия,smu_manager3,7-903-900-06-60,https://yandex.ru/maps/org/stalmetural/25947570864/,https://2gis.ru/chita/firm/70000001061178082/,
kaluga.stalmetural.ru,Калуга,,7 (962) 388-79-12,7 (484) 259-58-86,4842595886;9036365886;9623887912;9031303669,kaluga@stalmetural.ru,"улица Ленина, 102а",Россия,smu_manager2,7-903-130-36-69,https://yandex.ru/maps/org/stalmetural/40764560417/,https://2gis.ru/kaluga/firm/70000001061167814/,
belgorod.stalmetural.ru,Белгород,,7 (962) 388-79-12,7 (472) 277-06-33,4722770633;9623070633;9623887912;9030846889,belgorod@stalmetural.ru,"улица Князя Трубецкого, 24",Россия,smu_manager,7-903-084-68-89,https://yandex.ru/maps/org/stalmetural/130797066235/,https://2gis.ru/belgorod/firm/70000001060446043/,
vologda.stalmetural.ru,Вологда,,7 (962) 388-79-12,7 (817) 256-95-58,8172569558;9636469558;9623887912;9030846889,vologda@stalmetural.ru,"улица ​Ленинградская, 150а",Россия,smu_manager,7-903-084-68-89,https://yandex.ru/maps/org/stalmetural/101838610682/,https://2gis.ru/vologda/firm/70000001061163433/,"https://www.google.com/maps/place/%D0%A1%D1%82%D0%B0%D0%BB%D1%8C%D0%BC%D0%B5%D1%82%D1%83%D1%80%D0%B0%D0%BB/@59.202033,39.8226786,17z/data=!3m1!4b1!4m6!3m5!1s0x46ae970382a7ef05:0xb4c94c28071edd8a!8m2!3d59.202033!4d39.8252589!16s%2Fg%2F11s3fxytlz?entry=ttu&g_ep=EgoyMDI2MDYwMy4xIKXMDSoASAFQAw%3D%3D"
smolensk.stalmetural.ru,Смоленск,,7 (962) 388-79-12,7 (481) 263-06-86,4812630686;9036490686;9623887912;9031303669,smolensk@stalmetural.ru,"улица Воробьёва, 13",Россия,smu_manager2,7-903-130-36-69,https://yandex.ru/maps/org/stalmetural/101206445426/,,
kurgan.stalmetural.ru,Курган,,7 (962) 388-79-12,7 (352) 222-78-66,3522227866;9623887912;9030846889,kurgan@stalmetural.ru,"улица Куйбышева, 12",Россия,smu_manager,7-903-084-68-89,https://yandex.ru/maps/org/stalmetural/35300536412/,https://2gis.ru/kurgan/firm/70000001061164106/,"https://www.google.com/maps/place/%D0%A1%D1%82%D0%B0%D0%BB%D1%8C%D0%BC%D0%B5%D1%82%D1%83%D1%80%D0%B0%D0%BB/@55.430298,65.3384647,17z/data=!3m1!4b1!4m6!3m5!1s0x43b7bda152f73c37:0x6869ced0e869c92c!8m2!3d55.430298!4d65.341045!16s%2Fg%2F11t33mq5_2?entry=ttu&g_ep=EgoyMDI2MDYwMy4xIKXMDSoASAFQAw%3D%3D"
arhangelsk.stalmetural.ru,Архангельск,,7 (962) 388-79-12,7 (818) 242-46-64,8182424664;9632004664;9623887912,arhangelsk@stalmetural.ru,"улица Поморская, 7",Россия,smu_manager,7-903-084-68-89,https://yandex.ru/maps/org/stalmetural/5741493060/,https://2gis.ru/arkhangelsk/firm/70000001061203592/,
oryol.stalmetural.ru,Орёл,,7 (962) 388-79-12,7 (486) 278-48-86,4862784886;9624754886;9623887912,orel@stalmetural.ru,"улица ​Черкасская, 39",Россия,smu_manager2,7-903-130-36-69,https://yandex.ru/maps/org/stalmetural/188702920373/,https://2gis.ru/orel/firm/70000001061369160/,
nizhnevartovsk.stalmetural.ru,Нижневартовск,,7 (962) 388-79-12,7 (346) 667-66-08,3466676608;9678976608;9623887912;9030846889,nv@stalmetural.ru,"улица Индустриальная, 38",Россия,smu_manager,7-903-084-68-89,https://yandex.ru/maps/org/stalmetural/134117193766/,https://2gis.ru/nizhnevartovsk/firm/70000001026738794/,
murmansk.stalmetural.ru,Мурманск,,7 (962) 388-79-12,7 (815) 260-12-18,8152601218;9646801218;9623887912;9030846889,murmansk@stalmetural.ru,"​проспект Ленина, 43",Россия,smu_manager,7-903-084-68-89,https://yandex.ru/maps/org/stalmetural/172664017642/,https://2gis.ru/murmansk/firm/70000001061169450/,
kostroma.stalmetural.ru,Кострома,,7 (962) 388-79-12,7 (494) 230-03-38,4942300338;9036346338;9623887912;9030846889,kostroma@stalmetural.ru,"улица Ленина, 10",Россия,smu_manager,7-903-084-68-89,https://yandex.ru/maps/org/stalmetural/133698277407/,https://2gis.ru/kostroma/firm/70000001061161731/,
novorossiysk.stalmetural.ru,Новороссийск,,7 (962) 388-79-12,7 (861) 730-70-66,8617307066;9679307066;9623887912;9030846889,nvrsk@stalmetural.ru,"улица ​Леднёва, 5",Россия,smu_manager,7-903-084-68-89,https://yandex.ru/maps/org/stalmetural/225439264735/,https://2gis.ru/novorossiysk/firm/70000001061199732/,
tambov.stalmetural.ru,Тамбов,,7 (962) 388-79-12,7 (475) 243-51-66,4752435166;9641355166;9623887912;9030846889,tambov@stalmetural.ru,"улица ​Коммунальная, 21а",Россия,smu_manager,7-903-084-68-89,https://yandex.ru/maps/org/stalmetural/213964461482/,https://2gis.ru/tambov/firm/70000001061170289/,
taganrog.stalmetural.ru,Таганрог,,7 (962) 388-79-12,7 (863) 221-16-68,8632211668;9034011668;9623887912;9030846889,taganrog@stalmetural.ru,"улица Греческая, 2",Россия,smu_manager,7-903-084-68-89,https://yandex.ru/maps/org/stalmetural/9688785610/,https://2gis.ru/taganrog/firm/70000001061189712/,
blagoveshchensk.stalmetural.ru,Благовещенск,,7 (962) 388-79-12,7 (416) 237-96-33,4162379633;9098179633;9623887912;9039000660,blg@stalmetural.ru,"улица Зейская, 136",Россия,smu_manager3,7-903-900-06-60,https://yandex.ru/maps/org/stalmetural/40082372510/,,
novgorod.stalmetural.ru,Великий Новгород,,7 (962) 388-79-12,7 (816) 264-79-66,8162647966;9623887912,vnovgorod@stalmetural.ru,"улица Большая Санкт-Петербургская, 22",Россия,smu_manager,7-903-084-68-89,https://yandex.ru/maps/org/stalmetural/223424281709/,https://2gis.ru/v_novgorod/firm/70000001061281811/,
syktyvkar.stalmetural.ru,Сыктывкар,,7 (962) 388-79-12,7 (821) 225-12-66,8212251266;9634860266;9623887912;9030846889,syktyvkar@stalmetural.ru,"улица ​Гаражная, 9",Россия,smu_manager,7-903-084-68-89,https://yandex.ru/maps/org/stalmetural/206486140011/,https://2gis.ru/syktyvkar/firm/70000001061194495/,
abakan.stalmetural.ru,Абакан,,7 (962) 388-79-12,7 (390) 231-34-46,3902313446;9639546446;9623887912;9039000660,abakan@stalmetural.ru,"улица Чертыгашева, 148",Россия,smu_manager3,7-903-900-06-60,https://yandex.ru/maps/org/stalmetural/17648599690/,https://2gis.ru/abakan/firm/70000001061210520/,
yuzhno-sahalinsk.stalmetural.ru,Южно-Сахалинск,,7 (962) 388-79-12,7 (424) 244-32-11,4242443211;9621203211;9623887912,yuzhno-sahalinsk@stalmetural.ru,"улица Курильская, 38",Россия,smu_manager3,7-903-900-06-60,https://yandex.ru/maps/org/stalmetural/26709782529/,https://2gis.ru/yuzhnosakhalinsk/firm/70000001061171254/,
pyatigorsk.stalmetural.ru,Пятигорск,,7 (962) 388-79-12,7 (865) 240-48-80,8652404880;9624404880;9623887912;9030846889,pyatigorsk@stalmetural.ru,"​проспект Кирова, 36",Россия,smu_manager,7-903-084-68-89,https://yandex.ru/maps/org/stalmetural/199869272800/,https://2gis.ru/pyatigorsk/firm/70000001061202492/,
novyy-urengoy.stalmetural.ru,Новый Уренгой,,7 (962) 388-79-12,7 (345) 253-16-88,3452531688;9634521688;9623887912;9030846889,nu@stalmetural.ru,"улица Ямальская, 19",Россия,smu_manager,7-903-084-68-89,https://yandex.ru/maps/org/stalmetural/158562457429/,,
noyabrsk.stalmetural.ru,Ноябрьск,,7 (962) 388-79-12,7 (346) 231-03-77,3462310377;9634920377;9623887912;9030846889,noyabrsk@stalmetural.ru,"3-й проезд, 4А",Россия,smu_manager,7-903-084-68-89,https://yandex.ru/maps/org/stalmetural/1062249591/,https://2gis.ru/noyabrsk/search/%D0%A1%D1%82%D0%B0%D0%BB%D1%8C%D0%BC%D0%B5%D1%82%D1%83%D1%80%D0%B0%D0%BB%20%D0%9D%D0%BE%D1%8F%D0%B1%D1%80%D1%8C%D1%81%D0%BA/firm/70000001112823805/75.498031%2C63.203871?m=75.497976%2C63.203886%2F17.29,
donetsk.stalmetural.ru,Донецк,,7 (962) 388-79-12,7 (903) 411-80-66,9034118066;9623887912;9030846889,donetsk@stalmetural.ru,"проспект Мира, 17",Россия,smu_manager,7-903-084-68-89,,,
mariupol.stalmetural.ru,Мариуполь,,7 (962) 388-79-12,7 (903) 411-80-66,9034118066;9623887912;9030846889,mariupol@stalmetural.ru,"проспект Мира, 38",Россия,smu_manager,7-903-084-68-89,,,
lugansk.stalmetural.ru,Луганск,,7 (962) 388-79-12,7 (903) 411-80-66,9034118066;9623887912;9030846889,lugansk@stalmetural.ru,"улица Королёва, 33",Россия,smu_manager,7-903-084-68-89,,,
melitopol.stalmetural.ru,Мелитополь,,7 (962) 388-79-12,7 (903) 411-80-66,9034118066;9623887912;9030846889,melitopol@stalmetural.ru,"улица Михаила Грушевского, 13",Россия,smu_manager,7-903-084-68-89,,,
stalmetural.kz,Алматы,,7 (727) 327-27-00,7 (727) 317-21-68,7273172168;7006971613;7273272700,almaty@stalmetural.kz,"проспект Сакена Сейфуллина, 404/67",Казахстан,smu_kz,700-567-89-78,https://yandex.ru/maps/org/stalmetgrupp/210005587496/?ll=76.932116%2C43.267499&z=17,,"https://www.google.com/maps/place/%D0%A1%D1%82%D0%B0%D0%BB%D1%8C%D0%BC%D0%B5%D1%82%D0%B3%D1%80%D1%83%D0%BF%D0%BF/@43.2670087,76.9297506,17z/data=!3m1!4b1!4m6!3m5!1s0x388369b8673d564d:0xd5ee04392b7b47f4!8m2!3d43.2670087!4d76.9323309!16s%2Fg%2F11t5x98jkj?entry=ttu&g_ep=EgoyMDI2MDYwMy4xIKXMDSoASAFQAw%3D%3D"
stalmetural.by,Минск,,,375 (44) 766-62-58,447666258;9030846889,minsk@stalmetural.by,"Новодворский сельсовет, 40/2",Беларусь,smu_manager,7-903-084-68-89,https://yandex.ru/maps/org/stalmetural/88250245837/,https://2gis.by/minsk/firm/70000001087630911/,
stalmetural.kg,Бишкек,,,996 (221) 31-88-82,221318882,bishkek@stalmetural.kg,"улица Суюмбаева, 41",Кыргызстан,smu_kg,996-221-31-88-82,https://yandex.ru/maps/org/stalmetgrupp/175467360016/,,
osh.stalmetural.kg,Ош,,,996 (221) 31-88-82,221318882,osh@stalmetural.kg,"улица Аскара Шакирова, 108А",Кыргызстан,smu_kg,996-221-31-88-82,https://yandex.ru/maps/org/stalmetgrupp/98941568385/,https://2gis.kg/osh/inside/70030076147919795/firm/70000001078930641,
stalmetural.uz,Ташкент,,,998 (90) 011-26-88,900112688;900113688,tashkent@stalmetural.uz,"улица Шота Руставели, 150",Узбекистан,smu_uzbekistan,998 90-011-36-88,https://yandex.ru/maps/org/stalmetgrupp/85356175541/,https://2gis.uz/tashkent/firm/70000001077465425/,
smg.az,Баку,,,998 (90) 011-26-88,900112688;505732867,baku@smg.az,"Сальянское шоссе, 10",Азербайджан,smu_az,994-50-573-28-67,https://yandex.ru/maps/org/stalmetgrupp/215378262837/,,
steelgroup.az,Азербайджан (перевод),,,994 (12) 311-01-38,123110138,info@steelgroup.az,,,,,,,
stalmetural.am,Ереван,,,994 (12) 311-01-38,123110138;9031303669,erevan@stalmetural.am,"проспект Саят-Новы, 19/1",Армения,smu_manager2,7-903-130-36-69,https://yandex.ru/maps/org/stalmetgrupp/30074101164/,,
